2024-12-06 01:06:42.907 | INFO     | __main__:<module>:70 - Initializing bot...
2024-12-06 01:09:05.678 | INFO     | __main__:<module>:72 - Initializing bot...
2024-12-06 01:10:53.228 | INFO     | __main__:<module>:72 - Initializing bot...
2024-12-06 01:10:53.292 | INFO     | src.database.connection:create_tables:26 - Creating tables...
2024-12-06 01:10:53.324 | INFO     | src.database.connection:create_tables:29 - Tables created successfully.
2024-12-06 01:10:53.326 | INFO     | __main__:bot_start:48 - Bot is starting...
2024-12-06 01:11:11.758 | INFO     | __main__:<module>:72 - Initializing bot...
2024-12-06 01:11:11.836 | INFO     | src.database.connection:create_tables:26 - Creating tables...
2024-12-06 01:11:11.853 | INFO     | src.database.connection:create_tables:29 - Tables created successfully.
2024-12-06 01:11:11.854 | INFO     | __main__:bot_start:48 - Bot is starting...
2024-12-06 01:13:40.811 | INFO     | __main__:<module>:70 - Initializing bot...
2024-12-06 01:13:40.849 | INFO     | src.database.connection:create_tables:26 - Creating tables...
2024-12-06 01:13:40.870 | ERROR    | src.database.connection:create_tables:31 - Error creating tables: (sqlalchemy.dialects.postgresql.asyncpg.Error) <class 'asyncpg.exceptions.DependentObjectsStillExistError'>: cannot drop table users because other objects depend on it
DETAIL:  constraint forms_user_id_fkey on table forms depends on table users
constraint aqcu-s_user_id_fkey on table "aqcu-s" depends on table users
constraint channels_user_id_fkey on table channels depends on table users
constraint jobs_user_id_fkey on table jobs depends on table users
constraint resumes_user_id_fkey on table resumes depends on table users
HINT:  Use DROP ... CASCADE to drop the dependent objects too.
[SQL: 
DROP TABLE users]
(Background on this error at: https://sqlalche.me/e/20/dbapi)
2024-12-06 01:13:40.871 | INFO     | __main__:bot_start:46 - Bot is starting...
2024-12-06 01:16:31.241 | INFO     | __main__:<module>:70 - Initializing bot...
2024-12-06 01:16:31.287 | INFO     | src.database.connection:create_tables:26 - Creating tables...
2024-12-06 01:16:31.311 | INFO     | src.database.connection:create_tables:29 - Tables created successfully.
2024-12-06 01:16:31.312 | INFO     | __main__:bot_start:46 - Bot is starting...
2024-12-06 01:18:03.609 | INFO     | __main__:<module>:70 - Initializing bot...
2024-12-06 01:18:03.650 | INFO     | src.database.connection:create_tables:26 - Creating tables...
2024-12-06 01:18:03.682 | INFO     | src.database.connection:create_tables:29 - Tables created successfully.
2024-12-06 01:18:03.685 | INFO     | __main__:bot_start:46 - Bot is starting...
2024-12-09 00:45:16.493 | INFO     | __main__:<module>:70 - Initializing bot...
2024-12-09 00:45:16.562 | INFO     | src.database.connection:create_tables:26 - Creating tables...
2024-12-09 00:45:16.562 | INFO     | src.database.connection:create_tables:29 - Tables created successfully.
2024-12-09 00:45:16.562 | INFO     | __main__:bot_start:46 - Bot is starting...
2024-12-09 00:45:28.428 | INFO     | src.handlers.other.start:start_handler:34 - Received /start command from user: 1236300146
2024-12-09 00:52:00.268 | INFO     | __main__:<module>:70 - Initializing bot...
2024-12-09 00:52:00.324 | INFO     | src.database.connection:create_tables:26 - Creating tables...
2024-12-09 00:52:00.324 | INFO     | src.database.connection:create_tables:29 - Tables created successfully.
2024-12-09 00:52:00.324 | INFO     | __main__:bot_start:46 - Bot is starting...
2024-12-09 00:52:08.630 | INFO     | src.handlers.other.start:start_handler:34 - Received /start command from user: 1236300146
2024-12-11 16:31:28.462 | INFO     | __main__:<module>:70 - Initializing bot...
2024-12-11 16:31:28.546 | INFO     | src.database.connection:create_tables:26 - Creating tables...
2024-12-11 16:31:28.546 | INFO     | src.database.connection:create_tables:29 - Tables created successfully.
2024-12-11 16:31:28.546 | INFO     | __main__:bot_start:46 - Bot is starting...
2024-12-11 16:32:00.340 | INFO     | __main__:<module>:70 - Initializing bot...
2024-12-11 16:32:00.377 | INFO     | src.database.connection:create_tables:26 - Creating tables...
2024-12-11 16:32:00.377 | INFO     | src.database.connection:create_tables:29 - Tables created successfully.
2024-12-11 16:32:00.377 | INFO     | __main__:bot_start:46 - Bot is starting...
2024-12-11 16:32:08.541 | INFO     | src.handlers.other.start:start_handler:34 - Received /start command from user: 1236300146
2024-12-11 16:50:02.999 | INFO     | __main__:<module>:70 - Initializing bot...
2024-12-11 16:50:03.040 | INFO     | src.database.connection:create_tables:26 - Creating tables...
2024-12-11 16:50:03.040 | INFO     | src.database.connection:create_tables:29 - Tables created successfully.
2024-12-11 16:50:03.041 | INFO     | __main__:bot_start:46 - Bot is starting...
2024-12-11 16:50:11.810 | INFO     | src.handlers.other.start:start_handler:34 - Received /start command from user: 1236300146
2024-12-11 16:50:18.102 | INFO     | src.handlers.other.start:start_handler:34 - Received /start command from user: 1236300146
2024-12-11 16:55:31.862 | INFO     | __main__:<module>:70 - Initializing bot...
2024-12-11 16:55:31.903 | INFO     | src.database.connection:create_tables:26 - Creating tables...
2024-12-11 16:55:31.903 | INFO     | src.database.connection:create_tables:29 - Tables created successfully.
2024-12-11 16:55:31.904 | INFO     | __main__:bot_start:46 - Bot is starting...
2024-12-11 16:56:52.593 | INFO     | src.handlers.other.start:start_handler:34 - Received /start command from user: 1236300146
2024-12-11 16:59:19.920 | INFO     | __main__:<module>:70 - Initializing bot...
2024-12-11 16:59:19.957 | INFO     | src.database.connection:create_tables:26 - Creating tables...
2024-12-11 16:59:19.957 | INFO     | src.database.connection:create_tables:29 - Tables created successfully.
2024-12-11 16:59:19.957 | INFO     | __main__:bot_start:46 - Bot is starting...
2024-12-11 16:59:23.196 | INFO     | src.handlers.other.start:start_handler:34 - Received /start command from user: 1236300146
2024-12-11 17:22:37.769 | INFO     | src.handlers.other.start:start_handler:34 - Received /start command from user: 1236300146
2024-12-11 17:45:35.252 | INFO     | __main__:<module>:70 - Initializing bot...
2024-12-11 17:45:35.299 | INFO     | src.database.connection:create_tables:26 - Creating tables...
2024-12-11 17:45:35.299 | INFO     | src.database.connection:create_tables:29 - Tables created successfully.
2024-12-11 17:45:35.299 | INFO     | __main__:bot_start:46 - Bot is starting...
2024-12-11 17:46:34.886 | INFO     | __main__:<module>:70 - Initializing bot...
2024-12-11 17:46:34.926 | INFO     | src.database.connection:create_tables:26 - Creating tables...
2024-12-11 17:46:34.926 | INFO     | src.database.connection:create_tables:29 - Tables created successfully.
2024-12-11 17:46:34.927 | INFO     | __main__:bot_start:46 - Bot is starting...
2024-12-11 17:46:38.579 | INFO     | src.handlers.other.start:start_handler:34 - Received /start command from user: 1236300146
2024-12-11 17:54:51.590 | INFO     | __main__:<module>:70 - Initializing bot...
2024-12-11 17:54:51.627 | INFO     | src.database.connection:create_tables:26 - Creating tables...
2024-12-11 17:54:51.627 | INFO     | src.database.connection:create_tables:29 - Tables created successfully.
2024-12-11 17:54:51.627 | INFO     | __main__:bot_start:46 - Bot is starting...
2024-12-11 17:55:58.867 | INFO     | src.handlers.other.start:start_handler:34 - Received /start command from user: 1236300146
2024-12-11 18:07:57.364 | INFO     | __main__:<module>:70 - Initializing bot...
2024-12-11 18:07:57.411 | INFO     | src.database.connection:create_tables:26 - Creating tables...
2024-12-11 18:07:57.411 | INFO     | src.database.connection:create_tables:29 - Tables created successfully.
2024-12-11 18:07:57.411 | INFO     | __main__:bot_start:46 - Bot is starting...
2024-12-11 20:05:26.294 | INFO     | __main__:<module>:70 - Initializing bot...
2024-12-11 20:05:55.428 | INFO     | __main__:<module>:70 - Initializing bot...
2024-12-11 20:05:55.488 | INFO     | src.database.connection:create_tables:26 - Creating tables...
2024-12-11 20:05:55.488 | INFO     | src.database.connection:create_tables:29 - Tables created successfully.
2024-12-11 20:05:55.488 | INFO     | __main__:bot_start:46 - Bot is starting...
2024-12-11 20:06:04.593 | INFO     | src.handlers.other.start:start_handler:34 - Received /start command from user: 1236300146
2024-12-11 20:14:03.803 | INFO     | __main__:<module>:70 - Initializing bot...
2024-12-11 20:14:03.874 | INFO     | src.database.connection:create_tables:26 - Creating tables...
2024-12-11 20:14:03.874 | INFO     | src.database.connection:create_tables:29 - Tables created successfully.
2024-12-11 20:14:03.875 | INFO     | __main__:bot_start:46 - Bot is starting...
2024-12-11 20:14:48.653 | INFO     | src.handlers.other.start:start_handler:34 - Received /start command from user: 1236300146
2024-12-13 00:12:08.997 | INFO     | __main__:<module>:70 - Initializing bot...
2024-12-13 00:12:09.052 | INFO     | src.database.connection:create_tables:26 - Creating tables...
2024-12-13 00:12:09.053 | INFO     | src.database.connection:create_tables:29 - Tables created successfully.
2024-12-13 00:12:09.053 | INFO     | __main__:bot_start:46 - Bot is starting...
2024-12-13 00:13:57.617 | INFO     | __main__:<module>:70 - Initializing bot...
2024-12-13 00:13:57.684 | INFO     | src.database.connection:create_tables:26 - Creating tables...
2024-12-13 00:13:57.684 | INFO     | src.database.connection:create_tables:29 - Tables created successfully.
2024-12-13 00:13:57.684 | INFO     | __main__:bot_start:46 - Bot is starting...
2024-12-13 00:14:32.821 | INFO     | __main__:<module>:70 - Initializing bot...
2024-12-13 00:14:32.862 | INFO     | src.database.connection:create_tables:26 - Creating tables...
2024-12-13 00:14:32.862 | INFO     | src.database.connection:create_tables:29 - Tables created successfully.
2024-12-13 00:14:32.862 | INFO     | __main__:bot_start:46 - Bot is starting...
2024-12-13 00:16:54.138 | INFO     | __main__:<module>:70 - Initializing bot...
2024-12-13 00:16:54.169 | INFO     | src.database.connection:create_tables:26 - Creating tables...
2024-12-13 00:16:54.169 | INFO     | src.database.connection:create_tables:29 - Tables created successfully.
2024-12-13 00:16:54.169 | INFO     | __main__:bot_start:46 - Bot is starting...
2024-12-13 00:21:31.232 | INFO     | __main__:<module>:70 - Initializing bot...
2024-12-13 00:21:31.269 | INFO     | src.database.connection:create_tables:26 - Creating tables...
2024-12-13 00:21:31.270 | INFO     | src.database.connection:create_tables:29 - Tables created successfully.
2024-12-13 00:21:31.270 | INFO     | __main__:bot_start:46 - Bot is starting...
2024-12-13 00:23:12.806 | INFO     | __main__:<module>:70 - Initializing bot...
2024-12-13 00:23:12.846 | INFO     | src.database.connection:create_tables:26 - Creating tables...
2024-12-13 00:23:12.846 | INFO     | src.database.connection:create_tables:29 - Tables created successfully.
2024-12-13 00:23:12.847 | INFO     | __main__:bot_start:46 - Bot is starting...
2024-12-13 00:23:40.432 | INFO     | src.handlers.other.start:start_handler:34 - Received /start command from user: 1236300146
2024-12-13 00:29:38.560 | INFO     | __main__:<module>:70 - Initializing bot...
2024-12-13 00:29:38.603 | INFO     | src.database.connection:create_tables:26 - Creating tables...
2024-12-13 00:29:38.603 | INFO     | src.database.connection:create_tables:29 - Tables created successfully.
2024-12-13 00:29:38.603 | INFO     | __main__:bot_start:46 - Bot is starting...
2024-12-13 00:31:38.972 | INFO     | __main__:<module>:70 - Initializing bot...
2024-12-13 00:31:39.018 | INFO     | src.database.connection:create_tables:26 - Creating tables...
2024-12-13 00:31:39.018 | INFO     | src.database.connection:create_tables:29 - Tables created successfully.
2024-12-13 00:31:39.019 | INFO     | __main__:bot_start:46 - Bot is starting...
2024-12-13 00:32:39.976 | INFO     | __main__:<module>:70 - Initializing bot...
2024-12-13 00:32:40.018 | INFO     | src.database.connection:create_tables:26 - Creating tables...
2024-12-13 00:32:40.018 | INFO     | src.database.connection:create_tables:29 - Tables created successfully.
2024-12-13 00:32:40.019 | INFO     | __main__:bot_start:46 - Bot is starting...
2024-12-13 00:33:55.246 | INFO     | __main__:<module>:70 - Initializing bot...
2024-12-13 00:33:55.291 | INFO     | src.database.connection:create_tables:26 - Creating tables...
2024-12-13 00:33:55.291 | INFO     | src.database.connection:create_tables:29 - Tables created successfully.
2024-12-13 00:33:55.291 | INFO     | __main__:bot_start:46 - Bot is starting...
2024-12-24 03:15:21.392 | INFO     | __main__:<module>:70 - Initializing bot...
2024-12-24 03:15:21.475 | INFO     | src.database.connection:create_tables:26 - Creating tables...
2024-12-24 03:15:21.475 | INFO     | src.database.connection:create_tables:29 - Tables created successfully.
2024-12-24 03:15:21.475 | INFO     | __main__:bot_start:46 - Bot is starting...
2024-12-24 03:15:32.878 | INFO     | src.handlers.other.start:start_handler:34 - Received /start command from user: 1236300146
2024-12-24 03:15:36.362 | INFO     | src.handlers.other.start:start_handler:34 - Received /start command from user: 1236300146
2024-12-24 03:16:17.188 | INFO     | __main__:<module>:70 - Initializing bot...
2024-12-24 03:16:17.248 | INFO     | src.database.connection:create_tables:26 - Creating tables...
2024-12-24 03:16:17.248 | INFO     | src.database.connection:create_tables:29 - Tables created successfully.
2024-12-24 03:16:17.249 | INFO     | __main__:bot_start:46 - Bot is starting...
2024-12-24 03:17:21.157 | INFO     | __main__:<module>:70 - Initializing bot...
2024-12-24 03:17:21.195 | INFO     | src.database.connection:create_tables:26 - Creating tables...
2024-12-24 03:17:21.195 | INFO     | src.database.connection:create_tables:29 - Tables created successfully.
2024-12-24 03:17:21.195 | INFO     | __main__:bot_start:46 - Bot is starting...
2024-12-24 03:17:32.177 | INFO     | src.handlers.other.start:start_handler:34 - Received /start command from user: 1236300146
2024-12-24 03:18:08.700 | INFO     | __main__:<module>:70 - Initializing bot...
2024-12-24 03:18:08.738 | INFO     | src.database.connection:create_tables:26 - Creating tables...
2024-12-24 03:18:08.738 | INFO     | src.database.connection:create_tables:29 - Tables created successfully.
2024-12-24 03:18:08.738 | INFO     | __main__:bot_start:46 - Bot is starting...
2024-12-24 03:18:12.305 | INFO     | src.handlers.other.start:start_handler:34 - Received /start command from user: 1236300146
2024-12-24 03:20:00.922 | INFO     | src.handlers.other.start:start_handler:34 - Received /start command from user: 471219957
2024-12-24 06:35:28.801 | INFO     | src.handlers.other.start:start_handler:34 - Received /start command from user: 471219957
2024-12-24 06:35:28.852 | INFO     | src.handlers.other.start:start_handler:34 - Received /start command from user: 471219957
2024-12-24 06:35:28.870 | INFO     | src.handlers.other.start:start_handler:34 - Received /start command from user: 471219957
2024-12-24 16:50:42.986 | INFO     | src.handlers.other.start:start_handler:34 - Received /start command from user: 1236300146
2024-12-24 16:51:20.881 | INFO     | __main__:<module>:70 - Initializing bot...
2024-12-24 16:51:20.940 | INFO     | src.database.connection:create_tables:26 - Creating tables...
2024-12-24 16:51:20.940 | INFO     | src.database.connection:create_tables:29 - Tables created successfully.
2024-12-24 16:51:20.940 | INFO     | __main__:bot_start:46 - Bot is starting...
2024-12-24 16:51:30.475 | INFO     | src.handlers.other.start:start_handler:34 - Received /start command from user: 1236300146
2024-12-24 16:55:45.098 | INFO     | src.handlers.other.start:start_handler:34 - Received /start command from user: 1236300146
2024-12-24 17:02:22.893 | INFO     | __main__:<module>:70 - Initializing bot...
2024-12-24 17:02:22.937 | INFO     | src.database.connection:create_tables:26 - Creating tables...
2024-12-24 17:02:22.937 | INFO     | src.database.connection:create_tables:29 - Tables created successfully.
2024-12-24 17:02:22.937 | INFO     | __main__:bot_start:46 - Bot is starting...
2024-12-24 17:02:26.805 | INFO     | src.handlers.other.start:start_handler:34 - Received /start command from user: 1236300146
2024-12-24 17:02:41.426 | INFO     | src.handlers.other.start:start_handler:34 - Received /start command from user: 1236300146
2024-12-24 17:05:05.274 | INFO     | src.handlers.other.start:start_handler:34 - Received /start command from user: 1236300146
2024-12-24 17:10:28.749 | INFO     | src.handlers.other.start:start_handler:34 - Received /start command from user: 1236300146
2024-12-24 17:12:43.710 | INFO     | __main__:<module>:70 - Initializing bot...
2024-12-24 17:12:43.756 | INFO     | src.database.connection:create_tables:26 - Creating tables...
2024-12-24 17:12:43.756 | INFO     | src.database.connection:create_tables:29 - Tables created successfully.
2024-12-24 17:12:43.756 | INFO     | __main__:bot_start:46 - Bot is starting...
2024-12-24 17:12:47.016 | INFO     | src.handlers.other.start:start_handler:34 - Received /start command from user: 1236300146
2024-12-24 17:12:53.758 | INFO     | src.handlers.other.start:start_handler:34 - Received /start command from user: 1236300146
2024-12-24 17:22:51.862 | INFO     | __main__:<module>:70 - Initializing bot...
2024-12-24 17:22:51.894 | INFO     | src.database.connection:create_tables:26 - Creating tables...
2024-12-24 17:22:51.894 | INFO     | src.database.connection:create_tables:29 - Tables created successfully.
2024-12-24 17:22:51.894 | INFO     | __main__:bot_start:46 - Bot is starting...
2024-12-24 17:22:59.616 | INFO     | src.handlers.other.start:start_handler:34 - Received /start command from user: 1236300146
2024-12-24 17:23:15.623 | INFO     | src.handlers.other.start:start_handler:34 - Received /start command from user: 1236300146
2024-12-24 17:24:54.890 | INFO     | __main__:<module>:70 - Initializing bot...
2024-12-24 17:24:54.933 | INFO     | src.database.connection:create_tables:26 - Creating tables...
2024-12-24 17:24:54.933 | INFO     | src.database.connection:create_tables:29 - Tables created successfully.
2024-12-24 17:24:54.933 | INFO     | __main__:bot_start:46 - Bot is starting...
2024-12-24 17:24:58.556 | INFO     | src.handlers.other.start:start_handler:37 - Received /start command from user: 1236300146
2024-12-24 17:30:12.762 | INFO     | __main__:<module>:70 - Initializing bot...
2024-12-24 17:30:12.802 | INFO     | src.database.connection:create_tables:26 - Creating tables...
2024-12-24 17:30:12.802 | INFO     | src.database.connection:create_tables:29 - Tables created successfully.
2024-12-24 17:30:12.802 | INFO     | __main__:bot_start:46 - Bot is starting...
2024-12-24 17:30:16.632 | INFO     | src.handlers.other.start:start_handler:34 - Received /start command from user: 1236300146
2024-12-24 17:35:50.994 | INFO     | __main__:<module>:70 - Initializing bot...
2024-12-24 17:35:51.033 | INFO     | src.database.connection:create_tables:26 - Creating tables...
2024-12-24 17:35:51.033 | INFO     | src.database.connection:create_tables:29 - Tables created successfully.
2024-12-24 17:35:51.034 | INFO     | __main__:bot_start:46 - Bot is starting...
2024-12-24 17:35:55.357 | INFO     | src.handlers.other.start:start_handler:37 - Received /start command from user: 1236300146
2024-12-24 17:38:29.986 | INFO     | src.handlers.other.start:start_handler:37 - Received /start command from user: 1236300146
2024-12-24 22:58:52.630 | INFO     | __main__:<module>:70 - Initializing bot...
2024-12-24 22:58:52.679 | INFO     | src.database.connection:create_tables:26 - Creating tables...
2024-12-24 22:58:52.679 | INFO     | src.database.connection:create_tables:29 - Tables created successfully.
2024-12-24 22:58:52.680 | INFO     | __main__:bot_start:46 - Bot is starting...
2024-12-24 22:59:13.725 | INFO     | __main__:<module>:70 - Initializing bot...
2024-12-24 22:59:13.766 | INFO     | src.database.connection:create_tables:26 - Creating tables...
2024-12-24 22:59:13.766 | INFO     | src.database.connection:create_tables:29 - Tables created successfully.
2024-12-24 22:59:13.766 | INFO     | __main__:bot_start:46 - Bot is starting...
2024-12-24 22:59:35.532 | INFO     | __main__:<module>:70 - Initializing bot...
2024-12-24 22:59:35.577 | INFO     | src.database.connection:create_tables:26 - Creating tables...
2024-12-24 22:59:35.577 | INFO     | src.database.connection:create_tables:29 - Tables created successfully.
2024-12-24 22:59:35.578 | INFO     | __main__:bot_start:46 - Bot is starting...
2024-12-24 22:59:39.024 | INFO     | src.handlers.other.start:start_handler:37 - Received /start command from user: 1236300146
2024-12-24 22:59:42.714 | INFO     | src.handlers.other.start:start_handler:37 - Received /start command from user: 1236300146
2024-12-24 23:11:43.890 | INFO     | __main__:<module>:70 - Initializing bot...
2024-12-24 23:11:43.930 | INFO     | src.database.connection:create_tables:26 - Creating tables...
2024-12-24 23:11:43.930 | INFO     | src.database.connection:create_tables:29 - Tables created successfully.
2024-12-24 23:11:43.930 | INFO     | __main__:bot_start:46 - Bot is starting...
2024-12-24 23:11:52.323 | INFO     | src.handlers.other.start:start_handler:37 - Received /start command from user: 1236300146
2024-12-24 23:17:38.442 | INFO     | __main__:<module>:70 - Initializing bot...
2024-12-24 23:17:38.481 | INFO     | src.database.connection:create_tables:26 - Creating tables...
2024-12-24 23:17:38.481 | INFO     | src.database.connection:create_tables:29 - Tables created successfully.
2024-12-24 23:17:38.481 | INFO     | __main__:bot_start:46 - Bot is starting...
2024-12-24 23:17:45.092 | INFO     | src.handlers.other.start:start_handler:37 - Received /start command from user: 1236300146
2024-12-24 23:28:33.520 | INFO     | src.handlers.other.start:start_handler:37 - Received /start command from user: 1236300146
2024-12-25 00:06:22.914 | INFO     | __main__:<module>:70 - Initializing bot...
2024-12-25 00:06:22.965 | INFO     | src.database.connection:create_tables:26 - Creating tables...
2024-12-25 00:06:22.965 | INFO     | src.database.connection:create_tables:29 - Tables created successfully.
2024-12-25 00:06:22.965 | INFO     | __main__:bot_start:46 - Bot is starting...
2024-12-25 00:15:06.907 | INFO     | __main__:<module>:70 - Initializing bot...
2024-12-25 00:15:06.957 | INFO     | src.database.connection:create_tables:26 - Creating tables...
2024-12-25 00:15:06.957 | INFO     | src.database.connection:create_tables:29 - Tables created successfully.
2024-12-25 00:15:06.958 | INFO     | __main__:bot_start:46 - Bot is starting...
2024-12-25 00:15:32.789 | INFO     | src.handlers.other.start:start_handler:37 - Received /start command from user: 1236300146
2024-12-25 00:17:00.854 | INFO     | __main__:<module>:70 - Initializing bot...
2024-12-25 00:17:00.895 | INFO     | src.database.connection:create_tables:26 - Creating tables...
2024-12-25 00:17:00.895 | INFO     | src.database.connection:create_tables:29 - Tables created successfully.
2024-12-25 00:17:00.895 | INFO     | __main__:bot_start:46 - Bot is starting...
2024-12-25 00:17:40.909 | INFO     | __main__:<module>:70 - Initializing bot...
2024-12-25 00:17:40.949 | INFO     | src.database.connection:create_tables:26 - Creating tables...
2024-12-25 00:17:40.949 | INFO     | src.database.connection:create_tables:29 - Tables created successfully.
2024-12-25 00:17:40.949 | INFO     | __main__:bot_start:46 - Bot is starting...
2024-12-25 00:21:20.051 | INFO     | __main__:<module>:70 - Initializing bot...
2024-12-25 00:21:20.090 | INFO     | src.database.connection:create_tables:26 - Creating tables...
2024-12-25 00:21:20.090 | INFO     | src.database.connection:create_tables:29 - Tables created successfully.
2024-12-25 00:21:20.091 | INFO     | __main__:bot_start:46 - Bot is starting...
2024-12-25 00:22:54.252 | INFO     | __main__:<module>:70 - Initializing bot...
2024-12-25 00:22:54.297 | INFO     | src.database.connection:create_tables:26 - Creating tables...
2024-12-25 00:22:54.297 | INFO     | src.database.connection:create_tables:29 - Tables created successfully.
2024-12-25 00:22:54.297 | INFO     | __main__:bot_start:46 - Bot is starting...
2024-12-25 00:26:22.493 | INFO     | __main__:<module>:70 - Initializing bot...
2024-12-25 00:26:22.533 | INFO     | src.database.connection:create_tables:26 - Creating tables...
2024-12-25 00:26:22.533 | INFO     | src.database.connection:create_tables:29 - Tables created successfully.
2024-12-25 00:26:22.533 | INFO     | __main__:bot_start:46 - Bot is starting...
2024-12-25 00:29:13.504 | INFO     | __main__:<module>:70 - Initializing bot...
2024-12-25 00:29:13.543 | INFO     | src.database.connection:create_tables:26 - Creating tables...
2024-12-25 00:29:13.543 | INFO     | src.database.connection:create_tables:29 - Tables created successfully.
2024-12-25 00:29:13.544 | INFO     | __main__:bot_start:46 - Bot is starting...
2024-12-25 00:31:16.488 | INFO     | __main__:<module>:70 - Initializing bot...
2024-12-25 00:31:16.540 | INFO     | src.database.connection:create_tables:26 - Creating tables...
2024-12-25 00:31:16.541 | INFO     | src.database.connection:create_tables:29 - Tables created successfully.
2024-12-25 00:31:16.541 | INFO     | __main__:bot_start:46 - Bot is starting...
2024-12-25 00:33:38.504 | INFO     | __main__:<module>:70 - Initializing bot...
2024-12-25 00:33:38.552 | INFO     | src.database.connection:create_tables:26 - Creating tables...
2024-12-25 00:33:38.552 | INFO     | src.database.connection:create_tables:29 - Tables created successfully.
2024-12-25 00:33:38.552 | INFO     | __main__:bot_start:46 - Bot is starting...
2024-12-25 00:34:17.982 | INFO     | __main__:<module>:70 - Initializing bot...
2024-12-25 00:34:18.022 | INFO     | src.database.connection:create_tables:26 - Creating tables...
2024-12-25 00:34:18.022 | INFO     | src.database.connection:create_tables:29 - Tables created successfully.
2024-12-25 00:34:18.022 | INFO     | __main__:bot_start:46 - Bot is starting...
2024-12-25 00:41:04.071 | INFO     | __main__:<module>:70 - Initializing bot...
2024-12-25 00:41:04.114 | INFO     | src.database.connection:create_tables:26 - Creating tables...
2024-12-25 00:41:04.114 | INFO     | src.database.connection:create_tables:29 - Tables created successfully.
2024-12-25 00:41:04.114 | INFO     | __main__:bot_start:46 - Bot is starting...
2024-12-25 00:41:50.356 | INFO     | __main__:<module>:70 - Initializing bot...
2024-12-25 00:41:50.394 | INFO     | src.database.connection:create_tables:26 - Creating tables...
2024-12-25 00:41:50.394 | INFO     | src.database.connection:create_tables:29 - Tables created successfully.
2024-12-25 00:41:50.394 | INFO     | __main__:bot_start:46 - Bot is starting...
2024-12-25 00:42:10.610 | INFO     | __main__:<module>:70 - Initializing bot...
2024-12-25 00:42:10.648 | INFO     | src.database.connection:create_tables:26 - Creating tables...
2024-12-25 00:42:10.648 | INFO     | src.database.connection:create_tables:29 - Tables created successfully.
2024-12-25 00:42:10.648 | INFO     | __main__:bot_start:46 - Bot is starting...
2024-12-25 00:42:45.774 | INFO     | __main__:<module>:70 - Initializing bot...
2024-12-25 00:42:45.817 | INFO     | src.database.connection:create_tables:26 - Creating tables...
2024-12-25 00:42:45.817 | INFO     | src.database.connection:create_tables:29 - Tables created successfully.
2024-12-25 00:42:45.817 | INFO     | __main__:bot_start:46 - Bot is starting...
2024-12-25 00:42:48.662 | INFO     | src.handlers.other.start:start_handler:38 - Received /start command from user: 1236300146
2024-12-25 00:43:02.837 | INFO     | __main__:<module>:70 - Initializing bot...
2024-12-25 00:43:02.877 | INFO     | src.database.connection:create_tables:26 - Creating tables...
2024-12-25 00:43:02.877 | INFO     | src.database.connection:create_tables:29 - Tables created successfully.
2024-12-25 00:43:02.877 | INFO     | __main__:bot_start:46 - Bot is starting...
2024-12-25 00:44:18.344 | INFO     | __main__:<module>:70 - Initializing bot...
2024-12-25 00:44:18.384 | INFO     | src.database.connection:create_tables:26 - Creating tables...
2024-12-25 00:44:18.384 | INFO     | src.database.connection:create_tables:29 - Tables created successfully.
2024-12-25 00:44:18.384 | INFO     | __main__:bot_start:46 - Bot is starting...
2024-12-25 00:44:46.023 | INFO     | __main__:<module>:70 - Initializing bot...
2024-12-25 00:44:46.065 | INFO     | src.database.connection:create_tables:26 - Creating tables...
2024-12-25 00:44:46.141 | INFO     | src.database.connection:create_tables:29 - Tables created successfully.
2024-12-25 00:44:46.146 | INFO     | __main__:bot_start:46 - Bot is starting...
2024-12-25 00:45:03.415 | INFO     | __main__:<module>:70 - Initializing bot...
2024-12-25 00:45:03.457 | INFO     | src.database.connection:create_tables:26 - Creating tables...
2024-12-25 00:45:03.457 | INFO     | src.database.connection:create_tables:29 - Tables created successfully.
2024-12-25 00:45:03.457 | INFO     | __main__:bot_start:46 - Bot is starting...
2024-12-25 00:45:07.297 | INFO     | src.handlers.other.start:start_handler:38 - Received /start command from user: 1236300146
2024-12-25 00:47:40.574 | INFO     | __main__:<module>:70 - Initializing bot...
2024-12-25 00:47:40.615 | INFO     | src.database.connection:create_tables:26 - Creating tables...
2024-12-25 00:47:40.615 | INFO     | src.database.connection:create_tables:29 - Tables created successfully.
2024-12-25 00:47:40.615 | INFO     | __main__:bot_start:46 - Bot is starting...
2024-12-25 00:47:45.669 | INFO     | src.handlers.other.start:start_handler:38 - Received /start command from user: 1236300146
2024-12-25 00:50:40.258 | INFO     | __main__:<module>:70 - Initializing bot...
2024-12-25 00:50:40.297 | INFO     | src.database.connection:create_tables:26 - Creating tables...
2024-12-25 00:50:40.297 | INFO     | src.database.connection:create_tables:29 - Tables created successfully.
2024-12-25 00:50:40.297 | INFO     | __main__:bot_start:46 - Bot is starting...
2024-12-25 00:50:48.093 | INFO     | src.handlers.other.start:start_handler:38 - Received /start command from user: 1236300146
2024-12-25 00:52:19.872 | INFO     | src.handlers.other.start:start_handler:38 - Received /start command from user: 1236300146
2024-12-25 00:52:45.538 | INFO     | __main__:<module>:70 - Initializing bot...
2024-12-25 00:52:45.578 | INFO     | src.database.connection:create_tables:26 - Creating tables...
2024-12-25 00:52:45.578 | INFO     | src.database.connection:create_tables:29 - Tables created successfully.
2024-12-25 00:52:45.578 | INFO     | __main__:bot_start:46 - Bot is starting...
2024-12-25 00:52:49.251 | INFO     | src.handlers.other.start:start_handler:38 - Received /start command from user: 1236300146
2024-12-25 00:53:36.552 | INFO     | src.handlers.other.start:start_handler:38 - Received /start command from user: 1236300146
2024-12-25 00:53:39.287 | INFO     | src.handlers.other.start:start_handler:38 - Received /start command from user: 1236300146
2024-12-25 00:53:46.425 | INFO     | __main__:<module>:70 - Initializing bot...
2024-12-25 00:53:46.465 | INFO     | src.database.connection:create_tables:26 - Creating tables...
2024-12-25 00:53:46.465 | INFO     | src.database.connection:create_tables:29 - Tables created successfully.
2024-12-25 00:53:46.465 | INFO     | __main__:bot_start:46 - Bot is starting...
2024-12-25 00:54:43.821 | INFO     | __main__:<module>:70 - Initializing bot...
2024-12-25 00:54:43.859 | INFO     | src.database.connection:create_tables:26 - Creating tables...
2024-12-25 00:54:43.859 | INFO     | src.database.connection:create_tables:29 - Tables created successfully.
2024-12-25 00:54:43.859 | INFO     | __main__:bot_start:46 - Bot is starting...
2024-12-25 00:54:56.353 | INFO     | __main__:<module>:70 - Initializing bot...
2024-12-25 00:54:56.399 | INFO     | src.database.connection:create_tables:26 - Creating tables...
2024-12-25 00:54:56.399 | INFO     | src.database.connection:create_tables:29 - Tables created successfully.
2024-12-25 00:54:56.400 | INFO     | __main__:bot_start:46 - Bot is starting...
2024-12-25 00:55:00.243 | INFO     | src.handlers.other.start:start_handler:38 - Received /start command from user: 1236300146
2024-12-25 00:56:22.719 | INFO     | __main__:<module>:70 - Initializing bot...
2024-12-25 00:56:22.761 | INFO     | src.database.connection:create_tables:26 - Creating tables...
2024-12-25 00:56:22.761 | INFO     | src.database.connection:create_tables:29 - Tables created successfully.
2024-12-25 00:56:22.761 | INFO     | __main__:bot_start:46 - Bot is starting...
2024-12-25 00:56:26.547 | INFO     | src.handlers.other.start:start_handler:38 - Received /start command from user: 1236300146
2024-12-25 01:00:37.882 | INFO     | __main__:<module>:70 - Initializing bot...
2024-12-25 01:00:37.926 | INFO     | src.database.connection:create_tables:26 - Creating tables...
2024-12-25 01:00:37.926 | INFO     | src.database.connection:create_tables:29 - Tables created successfully.
2024-12-25 01:00:37.926 | INFO     | __main__:bot_start:46 - Bot is starting...
2024-12-25 01:00:41.183 | INFO     | src.handlers.other.start:start_handler:38 - Received /start command from user: 1236300146
2024-12-26 01:01:12.839 | INFO     | __main__:<module>:72 - Initializing bot...
2024-12-26 01:01:12.922 | INFO     | src.database.connection:create_tables:26 - Creating tables...
2024-12-26 01:01:12.922 | INFO     | src.database.connection:create_tables:29 - Tables created successfully.
2024-12-26 01:01:12.922 | INFO     | __main__:bot_start:48 - Bot is starting...
2024-12-26 01:01:18.883 | INFO     | __main__:<module>:72 - Initializing bot...
2024-12-26 01:01:18.926 | INFO     | src.database.connection:create_tables:26 - Creating tables...
2024-12-26 01:01:18.926 | INFO     | src.database.connection:create_tables:29 - Tables created successfully.
2024-12-26 01:01:18.926 | INFO     | __main__:bot_start:48 - Bot is starting...
2024-12-26 01:02:13.500 | INFO     | __main__:<module>:72 - Initializing bot...
2024-12-26 01:02:41.923 | INFO     | __main__:<module>:72 - Initializing bot...
2024-12-26 01:02:41.993 | INFO     | src.database.connection:create_tables:26 - Creating tables...
2024-12-26 01:02:41.994 | INFO     | src.database.connection:create_tables:29 - Tables created successfully.
2024-12-26 01:02:41.994 | INFO     | __main__:bot_start:48 - Bot is starting...
2024-12-26 01:02:49.818 | INFO     | src.handlers.other.start:start_handler:35 - Received /start command from user: 1236300146
2024-12-26 01:09:24.653 | INFO     | src.handlers.other.start:start_handler:35 - Received /start command from user: 5730087024
2024-12-26 01:09:55.600 | INFO     | src.handlers.other.start:start_handler:35 - Received /start command from user: 1236300146
2024-12-26 01:43:55.714 | INFO     | __main__:<module>:72 - Initializing bot...
2024-12-26 01:43:55.788 | INFO     | src.database.connection:create_tables:26 - Creating tables...
2024-12-26 01:43:55.788 | INFO     | src.database.connection:create_tables:29 - Tables created successfully.
2024-12-26 01:43:55.788 | INFO     | __main__:bot_start:48 - Bot is starting...
2024-12-26 01:49:26.578 | INFO     | __main__:<module>:72 - Initializing bot...
2024-12-26 01:49:26.621 | INFO     | src.database.connection:create_tables:26 - Creating tables...
2024-12-26 01:49:26.621 | INFO     | src.database.connection:create_tables:29 - Tables created successfully.
2024-12-26 01:49:26.621 | INFO     | __main__:bot_start:48 - Bot is starting...
2024-12-26 01:50:04.321 | INFO     | __main__:<module>:72 - Initializing bot...
2024-12-26 01:50:04.361 | INFO     | src.database.connection:create_tables:26 - Creating tables...
2024-12-26 01:50:04.361 | INFO     | src.database.connection:create_tables:29 - Tables created successfully.
2024-12-26 01:50:04.361 | INFO     | __main__:bot_start:48 - Bot is starting...
2024-12-26 01:50:36.529 | INFO     | __main__:<module>:72 - Initializing bot...
2024-12-26 01:50:36.579 | INFO     | src.database.connection:create_tables:26 - Creating tables...
2024-12-26 01:50:36.579 | INFO     | src.database.connection:create_tables:29 - Tables created successfully.
2024-12-26 01:50:36.579 | INFO     | __main__:bot_start:48 - Bot is starting...
2024-12-26 01:53:48.843 | INFO     | __main__:<module>:72 - Initializing bot...
2024-12-26 01:53:48.925 | INFO     | src.database.connection:create_tables:26 - Creating tables...
2024-12-26 01:53:48.925 | INFO     | src.database.connection:create_tables:29 - Tables created successfully.
2024-12-26 01:53:48.926 | INFO     | __main__:bot_start:48 - Bot is starting...
2024-12-26 01:55:22.287 | INFO     | __main__:<module>:72 - Initializing bot...
2024-12-26 01:55:22.329 | INFO     | src.database.connection:create_tables:26 - Creating tables...
2024-12-26 01:55:22.329 | INFO     | src.database.connection:create_tables:29 - Tables created successfully.
2024-12-26 01:55:22.329 | INFO     | __main__:bot_start:48 - Bot is starting...
2024-12-26 01:55:46.167 | INFO     | __main__:<module>:72 - Initializing bot...
2024-12-26 01:55:46.211 | INFO     | src.database.connection:create_tables:26 - Creating tables...
2024-12-26 01:55:46.211 | INFO     | src.database.connection:create_tables:29 - Tables created successfully.
2024-12-26 01:55:46.211 | INFO     | __main__:bot_start:48 - Bot is starting...
2024-12-26 01:56:24.586 | INFO     | __main__:<module>:72 - Initializing bot...
2024-12-26 01:56:24.635 | INFO     | src.database.connection:create_tables:26 - Creating tables...
2024-12-26 01:56:24.635 | INFO     | src.database.connection:create_tables:29 - Tables created successfully.
2024-12-26 01:56:24.635 | INFO     | __main__:bot_start:48 - Bot is starting...
2024-12-26 01:57:29.057 | INFO     | src.handlers.other.start:start_handler:35 - Received /start command from user: 1236300146
2024-12-26 01:58:09.556 | INFO     | __main__:<module>:72 - Initializing bot...
2024-12-26 01:58:09.599 | INFO     | src.database.connection:create_tables:26 - Creating tables...
2024-12-26 01:58:09.601 | INFO     | src.database.connection:create_tables:29 - Tables created successfully.
2024-12-26 01:58:09.601 | INFO     | __main__:bot_start:48 - Bot is starting...
2024-12-26 01:58:30.659 | INFO     | __main__:<module>:72 - Initializing bot...
2024-12-26 01:58:30.703 | INFO     | src.database.connection:create_tables:26 - Creating tables...
2024-12-26 01:58:30.703 | INFO     | src.database.connection:create_tables:29 - Tables created successfully.
2024-12-26 01:58:30.703 | INFO     | __main__:bot_start:48 - Bot is starting...
2024-12-26 02:02:08.320 | INFO     | __main__:<module>:72 - Initializing bot...
2024-12-26 02:02:08.361 | INFO     | src.database.connection:create_tables:26 - Creating tables...
2024-12-26 02:02:08.361 | INFO     | src.database.connection:create_tables:29 - Tables created successfully.
2024-12-26 02:02:08.361 | INFO     | __main__:bot_start:48 - Bot is starting...
2024-12-26 02:02:59.343 | INFO     | __main__:<module>:72 - Initializing bot...
2024-12-26 02:02:59.380 | INFO     | src.database.connection:create_tables:26 - Creating tables...
2024-12-26 02:02:59.381 | INFO     | src.database.connection:create_tables:29 - Tables created successfully.
2024-12-26 02:02:59.381 | INFO     | __main__:bot_start:48 - Bot is starting...
2024-12-26 02:03:35.093 | INFO     | __main__:<module>:72 - Initializing bot...
2024-12-26 02:03:35.133 | INFO     | src.database.connection:create_tables:26 - Creating tables...
2024-12-26 02:03:35.133 | INFO     | src.database.connection:create_tables:29 - Tables created successfully.
2024-12-26 02:03:35.133 | INFO     | __main__:bot_start:48 - Bot is starting...
2024-12-26 02:09:53.756 | INFO     | __main__:<module>:72 - Initializing bot...
2024-12-26 02:09:53.803 | INFO     | src.database.connection:create_tables:26 - Creating tables...
2024-12-26 02:09:53.803 | INFO     | src.database.connection:create_tables:29 - Tables created successfully.
2024-12-26 02:09:53.803 | INFO     | __main__:bot_start:48 - Bot is starting...
2024-12-26 02:13:27.808 | INFO     | __main__:<module>:72 - Initializing bot...
2024-12-26 02:13:27.850 | INFO     | src.database.connection:create_tables:26 - Creating tables...
2024-12-26 02:13:27.938 | INFO     | src.database.connection:create_tables:29 - Tables created successfully.
2024-12-26 02:13:27.957 | INFO     | __main__:bot_start:48 - Bot is starting...
2024-12-26 02:13:33.980 | INFO     | src.handlers.other.start:start_handler:35 - Received /start command from user: 1236300146
2024-12-26 02:15:14.144 | INFO     | src.handlers.other.start:start_handler:35 - Received /start command from user: 1236300146
2024-12-26 02:20:42.544 | INFO     | __main__:<module>:72 - Initializing bot...
2024-12-26 02:20:42.602 | INFO     | src.database.connection:create_tables:26 - Creating tables...
2024-12-26 02:20:42.602 | INFO     | src.database.connection:create_tables:29 - Tables created successfully.
2024-12-26 02:20:42.602 | INFO     | __main__:bot_start:48 - Bot is starting...
2024-12-27 14:21:48.600 | INFO     | __main__:<module>:72 - Initializing bot...
2024-12-27 14:21:48.665 | INFO     | src.database.connection:create_tables:26 - Creating tables...
2024-12-27 14:21:48.665 | INFO     | src.database.connection:create_tables:29 - Tables created successfully.
2024-12-27 14:21:48.665 | INFO     | __main__:bot_start:48 - Bot is starting...
2024-12-27 14:21:56.644 | INFO     | src.handlers.other.start:start_handler:35 - Received /start command from user: 1236300146
2024-12-27 14:26:25.809 | INFO     | __main__:<module>:72 - Initializing bot...
2024-12-27 14:26:25.851 | INFO     | src.database.connection:create_tables:26 - Creating tables...
2024-12-27 14:26:25.851 | INFO     | src.database.connection:create_tables:29 - Tables created successfully.
2024-12-27 14:26:25.852 | INFO     | __main__:bot_start:48 - Bot is starting...
2024-12-27 14:26:46.315 | INFO     | src.handlers.other.start:start_handler:35 - Received /start command from user: 1236300146
2024-12-27 14:35:45.874 | INFO     | src.handlers.other.start:start_handler:35 - Received /start command from user: 1236300146
2024-12-27 14:54:08.641 | INFO     | src.handlers.other.start:start_handler:35 - Received /start command from user: 1236300146
2024-12-27 14:54:53.140 | INFO     | __main__:<module>:72 - Initializing bot...
2024-12-27 14:54:53.180 | INFO     | src.database.connection:create_tables:26 - Creating tables...
2024-12-27 14:54:53.180 | INFO     | src.database.connection:create_tables:29 - Tables created successfully.
2024-12-27 14:54:53.180 | INFO     | __main__:bot_start:48 - Bot is starting...
2024-12-27 14:54:59.403 | INFO     | src.handlers.other.start:start_handler:35 - Received /start command from user: 1236300146
2024-12-27 15:06:47.361 | INFO     | src.handlers.other.start:start_handler:35 - Received /start command from user: 1236300146
2024-12-27 15:10:30.379 | INFO     | src.handlers.other.start:start_handler:35 - Received /start command from user: 1236300146
2024-12-27 15:11:45.053 | INFO     | __main__:<module>:72 - Initializing bot...
2024-12-27 15:11:45.090 | INFO     | src.database.connection:create_tables:26 - Creating tables...
2024-12-27 15:11:45.090 | INFO     | src.database.connection:create_tables:29 - Tables created successfully.
2024-12-27 15:11:45.091 | INFO     | __main__:bot_start:48 - Bot is starting...
2024-12-27 15:11:52.842 | INFO     | src.handlers.other.start:start_handler:35 - Received /start command from user: 1236300146
2024-12-27 15:13:01.441 | INFO     | __main__:<module>:72 - Initializing bot...
2024-12-27 15:13:01.481 | INFO     | src.database.connection:create_tables:26 - Creating tables...
2024-12-27 15:13:01.482 | INFO     | src.database.connection:create_tables:29 - Tables created successfully.
2024-12-27 15:13:01.482 | INFO     | __main__:bot_start:48 - Bot is starting...
2024-12-27 15:13:07.714 | INFO     | src.handlers.other.start:start_handler:35 - Received /start command from user: 1236300146
2024-12-27 15:13:32.906 | INFO     | src.handlers.other.start:start_handler:35 - Received /start command from user: 1236300146
2024-12-27 15:14:38.083 | INFO     | src.handlers.other.start:start_handler:35 - Received /start command from user: 1236300146
2024-12-29 16:56:46.073 | INFO     | __main__:<module>:72 - Initializing bot...
2024-12-29 16:56:46.137 | INFO     | src.database.connection:create_tables:26 - Creating tables...
2024-12-29 16:56:46.137 | INFO     | src.database.connection:create_tables:29 - Tables created successfully.
2024-12-29 16:56:46.137 | INFO     | __main__:bot_start:48 - Bot is starting...
2024-12-29 16:56:53.205 | INFO     | src.handlers.other.start:start_handler:35 - Received /start command from user: 1236300146
2024-12-29 16:57:15.462 | INFO     | __main__:<module>:72 - Initializing bot...
2024-12-29 16:57:15.502 | INFO     | src.database.connection:create_tables:26 - Creating tables...
2024-12-29 16:57:15.551 | INFO     | src.database.connection:create_tables:29 - Tables created successfully.
2024-12-29 16:57:15.555 | INFO     | __main__:bot_start:48 - Bot is starting...
2024-12-29 16:57:19.692 | INFO     | src.handlers.other.start:start_handler:35 - Received /start command from user: 1236300146
2024-12-29 17:00:51.762 | INFO     | src.handlers.other.start:start_handler:35 - Received /start command from user: 1236300146
2025-01-02 18:49:06.974 | INFO     | __main__:<module>:72 - Initializing bot...
2025-01-02 18:49:07.015 | INFO     | src.database.connection:create_tables:26 - Creating tables...
2025-01-02 18:49:07.015 | INFO     | src.database.connection:create_tables:29 - Tables created successfully.
2025-01-02 18:49:07.015 | INFO     | __main__:bot_start:48 - Bot is starting...
2025-01-02 18:52:28.336 | INFO     | __main__:<module>:72 - Initializing bot...
2025-01-02 18:52:28.404 | INFO     | src.database.connection:create_tables:26 - Creating tables...
2025-01-02 18:52:28.405 | INFO     | src.database.connection:create_tables:29 - Tables created successfully.
2025-01-02 18:52:28.405 | INFO     | __main__:bot_start:48 - Bot is starting...
2025-01-02 18:52:29.098 | INFO     | src.handlers.other.start:start_handler:35 - Received /start command from user: 1236300146
2025-01-02 19:02:13.373 | INFO     | __main__:<module>:72 - Initializing bot...
2025-01-02 19:02:13.413 | INFO     | src.database.connection:create_tables:26 - Creating tables...
2025-01-02 19:02:13.413 | INFO     | src.database.connection:create_tables:29 - Tables created successfully.
2025-01-02 19:02:13.414 | INFO     | __main__:bot_start:48 - Bot is starting...
2025-01-02 19:02:17.949 | INFO     | src.handlers.other.start:start_handler:35 - Received /start command from user: 1236300146
2025-01-02 19:09:36.529 | INFO     | __main__:<module>:72 - Initializing bot...
2025-01-02 19:09:36.595 | INFO     | src.database.connection:create_tables:26 - Creating tables...
2025-01-02 19:09:36.595 | INFO     | src.database.connection:create_tables:29 - Tables created successfully.
2025-01-02 19:09:36.596 | INFO     | __main__:bot_start:48 - Bot is starting...
2025-01-02 19:09:42.670 | INFO     | src.handlers.other.start:start_handler:35 - Received /start command from user: 1236300146
2025-01-02 19:11:37.741 | INFO     | __main__:<module>:72 - Initializing bot...
2025-01-02 19:11:37.781 | INFO     | src.database.connection:create_tables:26 - Creating tables...
2025-01-02 19:11:37.781 | INFO     | src.database.connection:create_tables:29 - Tables created successfully.
2025-01-02 19:11:37.781 | INFO     | __main__:bot_start:48 - Bot is starting...
2025-01-02 19:11:41.175 | INFO     | src.handlers.other.start:start_handler:35 - Received /start command from user: 1236300146
2025-01-02 19:14:41.652 | INFO     | __main__:<module>:72 - Initializing bot...
2025-01-02 19:14:41.696 | INFO     | src.database.connection:create_tables:26 - Creating tables...
2025-01-02 19:14:41.696 | INFO     | src.database.connection:create_tables:29 - Tables created successfully.
2025-01-02 19:14:41.696 | INFO     | __main__:bot_start:48 - Bot is starting...
2025-01-02 19:14:46.474 | INFO     | src.handlers.other.start:start_handler:35 - Received /start command from user: 1236300146
2025-01-02 19:19:21.410 | INFO     | __main__:<module>:72 - Initializing bot...
2025-01-02 19:19:21.445 | INFO     | src.database.connection:create_tables:26 - Creating tables...
2025-01-02 19:19:21.445 | INFO     | src.database.connection:create_tables:29 - Tables created successfully.
2025-01-02 19:19:21.446 | INFO     | __main__:bot_start:48 - Bot is starting...
2025-01-02 19:19:46.482 | INFO     | src.handlers.other.start:start_handler:35 - Received /start command from user: 1236300146
2025-01-02 19:23:42.959 | INFO     | __main__:<module>:72 - Initializing bot...
2025-01-02 19:23:43.004 | INFO     | src.database.connection:create_tables:26 - Creating tables...
2025-01-02 19:23:43.004 | INFO     | src.database.connection:create_tables:29 - Tables created successfully.
2025-01-02 19:23:43.005 | INFO     | __main__:bot_start:48 - Bot is starting...
2025-01-02 19:23:54.613 | INFO     | src.handlers.other.start:start_handler:35 - Received /start command from user: 1236300146
2025-01-02 19:31:02.520 | INFO     | __main__:<module>:72 - Initializing bot...
2025-01-02 19:31:02.561 | INFO     | src.database.connection:create_tables:26 - Creating tables...
2025-01-02 19:31:02.561 | INFO     | src.database.connection:create_tables:29 - Tables created successfully.
2025-01-02 19:31:02.561 | INFO     | __main__:bot_start:48 - Bot is starting...
2025-01-02 19:31:11.198 | INFO     | src.handlers.other.start:start_handler:35 - Received /start command from user: 1236300146
2025-01-02 19:36:18.871 | INFO     | __main__:<module>:72 - Initializing bot...
2025-01-02 19:36:18.909 | INFO     | src.database.connection:create_tables:26 - Creating tables...
2025-01-02 19:36:18.909 | INFO     | src.database.connection:create_tables:29 - Tables created successfully.
2025-01-02 19:36:18.909 | INFO     | __main__:bot_start:48 - Bot is starting...
2025-01-02 19:36:22.837 | INFO     | src.handlers.other.start:start_handler:35 - Received /start command from user: 1236300146
2025-01-02 19:42:41.687 | INFO     | __main__:<module>:72 - Initializing bot...
2025-01-02 19:42:41.726 | INFO     | src.database.connection:create_tables:26 - Creating tables...
2025-01-02 19:42:41.726 | INFO     | src.database.connection:create_tables:29 - Tables created successfully.
2025-01-02 19:42:41.726 | INFO     | __main__:bot_start:48 - Bot is starting...
2025-01-02 19:42:45.209 | INFO     | src.handlers.other.start:start_handler:35 - Received /start command from user: 1236300146
2025-01-02 19:47:05.362 | INFO     | __main__:<module>:72 - Initializing bot...
2025-01-02 19:47:05.401 | INFO     | src.database.connection:create_tables:26 - Creating tables...
2025-01-02 19:47:05.401 | INFO     | src.database.connection:create_tables:29 - Tables created successfully.
2025-01-02 19:47:05.402 | INFO     | __main__:bot_start:48 - Bot is starting...
2025-01-02 19:47:09.347 | INFO     | src.handlers.other.start:start_handler:35 - Received /start command from user: 1236300146
2025-01-02 19:48:35.074 | INFO     | __main__:<module>:72 - Initializing bot...
2025-01-02 19:48:35.116 | INFO     | src.database.connection:create_tables:26 - Creating tables...
2025-01-02 19:48:35.116 | INFO     | src.database.connection:create_tables:29 - Tables created successfully.
2025-01-02 19:48:35.116 | INFO     | __main__:bot_start:48 - Bot is starting...
2025-01-02 19:48:40.288 | INFO     | src.handlers.other.start:start_handler:35 - Received /start command from user: 1236300146
2025-01-02 23:14:07.244 | INFO     | src.handlers.other.start:start_handler:35 - Received /start command from user: 6123610291
2025-01-02 23:14:07.247 | INFO     | src.handlers.other.start:start_handler:35 - Received /start command from user: 6123610291
2025-01-04 14:25:26.396 | INFO     | __main__:<module>:72 - Initializing bot...
2025-01-04 14:25:26.495 | INFO     | src.database.connection:create_tables:26 - Creating tables...
2025-01-04 14:25:26.495 | INFO     | src.database.connection:create_tables:29 - Tables created successfully.
2025-01-04 14:25:26.495 | INFO     | __main__:bot_start:48 - Bot is starting...
2025-01-04 14:25:28.352 | INFO     | src.handlers.other.start:start_handler:35 - Received /start command from user: 1284093081
2025-01-04 14:25:34.124 | INFO     | src.handlers.other.start:start_handler:35 - Received /start command from user: 1236300146
2025-01-04 14:25:38.375 | INFO     | src.handlers.other.start:start_handler:35 - Received /start command from user: 1284093081
2025-01-04 14:26:27.160 | INFO     | __main__:<module>:72 - Initializing bot...
2025-01-04 14:26:27.211 | INFO     | src.database.connection:create_tables:26 - Creating tables...
2025-01-04 14:26:27.211 | INFO     | src.database.connection:create_tables:29 - Tables created successfully.
2025-01-04 14:26:27.211 | INFO     | __main__:bot_start:48 - Bot is starting...
2025-01-04 14:26:32.560 | INFO     | src.handlers.other.start:start_handler:35 - Received /start command from user: 1236300146
2025-01-04 14:39:12.158 | INFO     | __main__:<module>:72 - Initializing bot...
2025-01-04 14:39:12.195 | INFO     | src.database.connection:create_tables:26 - Creating tables...
2025-01-04 14:39:12.195 | INFO     | src.database.connection:create_tables:29 - Tables created successfully.
2025-01-04 14:39:12.195 | INFO     | __main__:bot_start:48 - Bot is starting...
2025-01-04 14:39:17.052 | INFO     | src.handlers.other.start:start_handler:35 - Received /start command from user: 1236300146
2025-01-04 14:40:02.850 | INFO     | src.handlers.other.start:start_handler:35 - Received /start command from user: 1236300146
2025-01-04 15:15:48.075 | INFO     | __main__:<module>:72 - Initializing bot...
2025-01-04 15:15:48.114 | INFO     | src.database.connection:create_tables:26 - Creating tables...
2025-01-04 15:15:48.114 | INFO     | src.database.connection:create_tables:29 - Tables created successfully.
2025-01-04 15:15:48.114 | INFO     | __main__:bot_start:48 - Bot is starting...
2025-01-04 15:15:53.807 | INFO     | src.handlers.other.start:start_handler:35 - Received /start command from user: 1236300146
2025-01-04 15:17:34.958 | INFO     | __main__:<module>:72 - Initializing bot...
2025-01-04 15:17:34.996 | INFO     | src.database.connection:create_tables:26 - Creating tables...
2025-01-04 15:17:34.996 | INFO     | src.database.connection:create_tables:29 - Tables created successfully.
2025-01-04 15:17:34.997 | INFO     | __main__:bot_start:48 - Bot is starting...
2025-01-04 15:17:39.484 | INFO     | src.handlers.other.start:start_handler:35 - Received /start command from user: 1236300146
2025-01-04 15:33:17.156 | INFO     | __main__:<module>:72 - Initializing bot...
2025-01-04 15:33:17.207 | INFO     | src.database.connection:create_tables:26 - Creating tables...
2025-01-04 15:33:17.207 | INFO     | src.database.connection:create_tables:29 - Tables created successfully.
2025-01-04 15:33:17.207 | INFO     | __main__:bot_start:48 - Bot is starting...
2025-01-04 15:33:23.057 | INFO     | src.handlers.other.start:start_handler:35 - Received /start command from user: 1236300146
2025-01-04 15:35:47.844 | INFO     | __main__:<module>:72 - Initializing bot...
2025-01-04 15:35:47.887 | INFO     | src.database.connection:create_tables:26 - Creating tables...
2025-01-04 15:35:47.887 | INFO     | src.database.connection:create_tables:29 - Tables created successfully.
2025-01-04 15:35:47.888 | INFO     | __main__:bot_start:48 - Bot is starting...
2025-01-04 15:35:55.955 | INFO     | src.handlers.other.start:start_handler:35 - Received /start command from user: 1236300146
2025-01-04 15:37:02.301 | INFO     | __main__:<module>:72 - Initializing bot...
2025-01-04 15:37:02.338 | INFO     | src.database.connection:create_tables:26 - Creating tables...
2025-01-04 15:37:02.338 | INFO     | src.database.connection:create_tables:29 - Tables created successfully.
2025-01-04 15:37:02.338 | INFO     | __main__:bot_start:48 - Bot is starting...
2025-01-04 15:37:07.263 | INFO     | src.handlers.other.start:start_handler:35 - Received /start command from user: 1236300146
2025-01-04 15:38:53.257 | INFO     | __main__:<module>:72 - Initializing bot...
2025-01-04 15:38:53.297 | INFO     | src.database.connection:create_tables:26 - Creating tables...
2025-01-04 15:38:53.297 | INFO     | src.database.connection:create_tables:29 - Tables created successfully.
2025-01-04 15:38:53.297 | INFO     | __main__:bot_start:48 - Bot is starting...
2025-01-04 15:39:00.111 | INFO     | src.handlers.other.start:start_handler:35 - Received /start command from user: 1236300146
2025-01-04 15:46:56.101 | INFO     | __main__:<module>:72 - Initializing bot...
2025-01-04 15:46:56.165 | INFO     | src.database.connection:create_tables:26 - Creating tables...
2025-01-04 15:46:56.165 | INFO     | src.database.connection:create_tables:29 - Tables created successfully.
2025-01-04 15:46:56.166 | INFO     | __main__:bot_start:48 - Bot is starting...
2025-01-04 15:46:59.453 | INFO     | src.handlers.other.start:start_handler:35 - Received /start command from user: 1236300146
2025-01-04 16:06:21.388 | INFO     | __main__:<module>:72 - Initializing bot...
2025-01-04 16:06:21.445 | INFO     | src.database.connection:create_tables:26 - Creating tables...
2025-01-04 16:06:21.445 | INFO     | src.database.connection:create_tables:29 - Tables created successfully.
2025-01-04 16:06:21.446 | INFO     | __main__:bot_start:48 - Bot is starting...
2025-01-04 16:06:29.420 | INFO     | src.handlers.other.start:start_handler:35 - Received /start command from user: 1236300146
2025-01-04 16:08:03.312 | INFO     | __main__:<module>:72 - Initializing bot...
2025-01-04 16:08:03.352 | INFO     | src.database.connection:create_tables:26 - Creating tables...
2025-01-04 16:08:03.352 | INFO     | src.database.connection:create_tables:29 - Tables created successfully.
2025-01-04 16:08:03.352 | INFO     | __main__:bot_start:48 - Bot is starting...
2025-01-04 16:08:06.745 | INFO     | src.handlers.other.start:start_handler:35 - Received /start command from user: 1236300146
2025-01-04 17:30:51.174 | INFO     | __main__:<module>:72 - Initializing bot...
2025-01-04 17:30:51.243 | INFO     | src.database.connection:create_tables:26 - Creating tables...
2025-01-04 17:30:51.243 | INFO     | src.database.connection:create_tables:29 - Tables created successfully.
2025-01-04 17:30:51.244 | INFO     | __main__:bot_start:48 - Bot is starting...
2025-01-04 17:31:00.083 | INFO     | src.handlers.other.start:start_handler:35 - Received /start command from user: 1236300146
2025-01-04 17:42:07.835 | INFO     | __main__:<module>:72 - Initializing bot...
2025-01-04 17:42:07.871 | INFO     | src.database.connection:create_tables:26 - Creating tables...
2025-01-04 17:42:07.871 | INFO     | src.database.connection:create_tables:29 - Tables created successfully.
2025-01-04 17:42:07.871 | INFO     | __main__:bot_start:48 - Bot is starting...
2025-01-04 17:42:12.144 | INFO     | src.handlers.other.start:start_handler:35 - Received /start command from user: 1236300146
2025-01-04 17:48:47.004 | INFO     | __main__:<module>:72 - Initializing bot...
2025-01-04 17:48:47.043 | INFO     | src.database.connection:create_tables:26 - Creating tables...
2025-01-04 17:48:47.043 | INFO     | src.database.connection:create_tables:29 - Tables created successfully.
2025-01-04 17:48:47.044 | INFO     | __main__:bot_start:48 - Bot is starting...
2025-01-04 17:48:55.048 | INFO     | src.handlers.other.start:start_handler:35 - Received /start command from user: 1236300146
2025-01-04 17:57:32.402 | INFO     | src.handlers.other.start:start_handler:35 - Received /start command from user: 1236300146
2025-01-04 18:14:29.179 | INFO     | __main__:<module>:72 - Initializing bot...
2025-01-04 18:14:29.224 | INFO     | src.database.connection:create_tables:26 - Creating tables...
2025-01-04 18:14:29.224 | INFO     | src.database.connection:create_tables:29 - Tables created successfully.
2025-01-04 18:14:29.224 | INFO     | __main__:bot_start:48 - Bot is starting...
2025-01-04 18:14:42.627 | INFO     | src.handlers.other.start:start_handler:35 - Received /start command from user: 1236300146
2025-01-04 18:23:03.791 | INFO     | __main__:<module>:72 - Initializing bot...
2025-01-04 18:23:03.840 | INFO     | src.database.connection:create_tables:26 - Creating tables...
2025-01-04 18:23:03.840 | INFO     | src.database.connection:create_tables:29 - Tables created successfully.
2025-01-04 18:23:03.840 | INFO     | __main__:bot_start:48 - Bot is starting...
2025-01-04 18:23:11.039 | INFO     | src.handlers.other.start:start_handler:35 - Received /start command from user: 1236300146
2025-01-05 14:40:07.422 | INFO     | __main__:<module>:72 - Initializing bot...
2025-01-05 14:40:07.515 | INFO     | src.database.connection:create_tables:26 - Creating tables...
2025-01-05 14:40:07.515 | INFO     | src.database.connection:create_tables:29 - Tables created successfully.
2025-01-05 14:40:07.516 | INFO     | __main__:bot_start:48 - Bot is starting...
2025-01-05 14:40:08.200 | INFO     | src.handlers.other.start:start_handler:35 - Received /start command from user: 1284093081
2025-01-05 14:40:08.201 | INFO     | src.handlers.other.start:start_handler:35 - Received /start command from user: 1284093081
2025-01-05 14:40:08.201 | INFO     | src.handlers.other.start:start_handler:35 - Received /start command from user: 1236300146
2025-01-05 14:40:08.201 | INFO     | src.handlers.other.start:start_handler:35 - Received /start command from user: 1284093081
2025-01-05 14:40:08.270 | INFO     | src.handlers.other.start:start_handler:35 - Received /start command from user: 1284093081
2025-01-05 14:49:14.705 | INFO     | __main__:<module>:72 - Initializing bot...
2025-01-05 14:49:14.747 | INFO     | src.database.connection:create_tables:26 - Creating tables...
2025-01-05 14:49:14.747 | INFO     | src.database.connection:create_tables:29 - Tables created successfully.
2025-01-05 14:49:14.747 | INFO     | __main__:bot_start:48 - Bot is starting...
2025-01-05 14:49:21.070 | INFO     | src.handlers.other.start:start_handler:35 - Received /start command from user: 1236300146
2025-01-05 14:51:25.444 | INFO     | __main__:<module>:72 - Initializing bot...
2025-01-05 14:51:25.482 | INFO     | src.database.connection:create_tables:26 - Creating tables...
2025-01-05 14:51:25.482 | INFO     | src.database.connection:create_tables:29 - Tables created successfully.
2025-01-05 14:51:25.482 | INFO     | __main__:bot_start:48 - Bot is starting...
2025-01-05 14:51:35.384 | INFO     | src.handlers.other.start:start_handler:35 - Received /start command from user: 1236300146
2025-01-05 14:52:05.842 | INFO     | __main__:<module>:72 - Initializing bot...
2025-01-05 14:52:05.883 | INFO     | src.database.connection:create_tables:26 - Creating tables...
2025-01-05 14:52:05.883 | INFO     | src.database.connection:create_tables:29 - Tables created successfully.
2025-01-05 14:52:05.884 | INFO     | __main__:bot_start:48 - Bot is starting...
2025-01-05 14:52:14.572 | INFO     | src.handlers.other.start:start_handler:35 - Received /start command from user: 1236300146
2025-01-06 14:58:13.707 | INFO     | __main__:<module>:72 - Initializing bot...
2025-01-06 14:58:13.842 | INFO     | src.database.connection:create_tables:26 - Creating tables...
2025-01-06 14:58:13.845 | INFO     | src.database.connection:create_tables:29 - Tables created successfully.
2025-01-06 14:58:13.845 | INFO     | __main__:bot_start:48 - Bot is starting...
2025-01-06 14:58:14.883 | INFO     | src.handlers.other.start:start_handler:35 - Received /start command from user: 1284093081
2025-01-06 14:58:57.177 | INFO     | src.handlers.other.start:start_handler:35 - Received /start command from user: 1236300146
2025-01-06 15:20:39.735 | INFO     | __main__:<module>:72 - Initializing bot...
2025-01-06 15:20:39.796 | INFO     | src.database.connection:create_tables:26 - Creating tables...
2025-01-06 15:20:39.796 | INFO     | src.database.connection:create_tables:29 - Tables created successfully.
2025-01-06 15:20:39.796 | INFO     | __main__:bot_start:48 - Bot is starting...
2025-01-06 15:22:05.909 | INFO     | src.handlers.other.start:start_handler:35 - Received /start command from user: 1236300146
2025-01-06 15:24:19.438 | INFO     | __main__:<module>:72 - Initializing bot...
2025-01-06 15:24:19.481 | INFO     | src.database.connection:create_tables:26 - Creating tables...
2025-01-06 15:24:19.567 | INFO     | src.database.connection:create_tables:29 - Tables created successfully.
2025-01-06 15:24:19.594 | INFO     | __main__:bot_start:48 - Bot is starting...
2025-01-06 15:24:26.792 | INFO     | src.handlers.other.start:start_handler:35 - Received /start command from user: 1236300146
2025-01-06 15:27:56.402 | INFO     | src.handlers.other.start:start_handler:35 - Received /start command from user: 1236300146
2025-01-06 15:30:58.821 | INFO     | src.handlers.other.start:start_handler:35 - Received /start command from user: 1236300146
2025-01-06 16:12:58.118 | INFO     | src.handlers.other.start:start_handler:35 - Received /start command from user: 1236300146
2025-01-06 16:16:15.959 | INFO     | __main__:<module>:72 - Initializing bot...
2025-01-06 16:16:16.017 | INFO     | src.database.connection:create_tables:26 - Creating tables...
2025-01-06 16:16:16.017 | INFO     | src.database.connection:create_tables:29 - Tables created successfully.
2025-01-06 16:16:16.017 | INFO     | __main__:bot_start:48 - Bot is starting...
2025-01-06 16:16:20.296 | INFO     | src.handlers.other.start:start_handler:35 - Received /start command from user: 1236300146
2025-01-06 17:20:52.166 | INFO     | src.handlers.other.start:start_handler:35 - Received /start command from user: 471219957
2025-01-06 19:16:01.499 | INFO     | src.handlers.other.start:start_handler:35 - Received /start command from user: 471219957
2025-01-07 08:55:28.780 | INFO     | src.handlers.other.start:start_handler:35 - Received /start command from user: 471219957
2025-01-08 00:30:15.446 | INFO     | __main__:<module>:72 - Initializing bot...
2025-01-08 00:30:15.564 | INFO     | src.database.connection:create_tables:26 - Creating tables...
2025-01-08 00:30:15.564 | INFO     | src.database.connection:create_tables:29 - Tables created successfully.
2025-01-08 00:30:15.565 | INFO     | __main__:bot_start:48 - Bot is starting...
2025-01-08 00:54:38.857 | INFO     | src.handlers.other.start:start_handler:35 - Received /start command from user: 1236300146
2025-01-08 02:53:57.507 | INFO     | __main__:<module>:72 - Initializing bot...
2025-01-08 02:54:10.030 | INFO     | __main__:<module>:72 - Initializing bot...
2025-01-08 02:54:10.100 | INFO     | src.database.connection:create_tables:26 - Creating tables...
2025-01-08 02:54:10.100 | INFO     | src.database.connection:create_tables:29 - Tables created successfully.
2025-01-08 02:54:10.100 | INFO     | __main__:bot_start:48 - Bot is starting...
2025-01-08 03:21:00.174 | INFO     | __main__:<module>:72 - Initializing bot...
2025-01-08 03:21:00.220 | INFO     | src.database.connection:create_tables:26 - Creating tables...
2025-01-08 03:21:00.220 | INFO     | src.database.connection:create_tables:29 - Tables created successfully.
2025-01-08 03:21:00.220 | INFO     | __main__:bot_start:48 - Bot is starting...
2025-01-08 03:21:05.201 | INFO     | src.handlers.other.start:start_handler:35 - Received /start command from user: 1236300146
2025-01-08 03:26:33.063 | INFO     | __main__:<module>:72 - Initializing bot...
2025-01-08 03:26:33.103 | INFO     | src.database.connection:create_tables:26 - Creating tables...
2025-01-08 03:26:33.103 | INFO     | src.database.connection:create_tables:29 - Tables created successfully.
2025-01-08 03:26:33.103 | INFO     | __main__:bot_start:48 - Bot is starting...
2025-01-08 03:31:26.883 | INFO     | src.handlers.other.start:start_handler:35 - Received /start command from user: 471219957
2025-01-08 03:35:25.936 | INFO     | __main__:<module>:72 - Initializing bot...
2025-01-08 03:35:25.971 | INFO     | src.database.connection:create_tables:26 - Creating tables...
2025-01-08 03:35:25.971 | INFO     | src.database.connection:create_tables:29 - Tables created successfully.
2025-01-08 03:35:25.971 | INFO     | __main__:bot_start:48 - Bot is starting...
2025-01-08 03:35:55.604 | INFO     | src.handlers.other.start:start_handler:35 - Received /start command from user: 471219957
2025-01-08 03:39:05.023 | INFO     | src.handlers.other.start:start_handler:35 - Received /start command from user: 1236300146
2025-01-08 18:33:51.766 | INFO     | __main__:<module>:72 - Initializing bot...
2025-01-08 18:33:51.811 | INFO     | src.database.connection:create_tables:26 - Creating tables...
2025-01-08 18:33:51.811 | INFO     | src.database.connection:create_tables:29 - Tables created successfully.
2025-01-08 18:33:51.811 | INFO     | __main__:bot_start:48 - Bot is starting...
2025-01-08 18:36:07.240 | INFO     | src.handlers.other.start:start_handler:35 - Received /start command from user: 471219957
2025-01-08 18:55:01.016 | INFO     | __main__:<module>:72 - Initializing bot...
2025-01-08 18:55:01.062 | INFO     | src.database.connection:create_tables:26 - Creating tables...
2025-01-08 18:55:01.145 | INFO     | src.database.connection:create_tables:29 - Tables created successfully.
2025-01-08 18:55:01.156 | INFO     | __main__:bot_start:48 - Bot is starting...
2025-01-08 18:55:17.852 | INFO     | src.handlers.other.start:start_handler:35 - Received /start command from user: 1236300146
2025-01-08 18:56:25.524 | INFO     | src.handlers.other.start:start_handler:35 - Received /start command from user: 471219957
2025-01-08 19:04:24.772 | INFO     | src.handlers.other.start:start_handler:35 - Received /start command from user: 471219957
2025-01-08 19:32:01.192 | INFO     | src.handlers.other.start:start_handler:35 - Received /start command from user: 471219957
2025-01-09 17:58:04.655 | INFO     | __main__:<module>:72 - Initializing bot...
2025-01-09 17:58:04.742 | INFO     | src.database.connection:create_tables:26 - Creating tables...
2025-01-09 17:58:04.742 | INFO     | src.database.connection:create_tables:29 - Tables created successfully.
2025-01-09 17:58:04.742 | INFO     | __main__:bot_start:48 - Bot is starting...
2025-01-09 17:58:05.459 | INFO     | src.handlers.other.start:start_handler:35 - Received /start command from user: 1284093081
2025-01-09 17:58:16.088 | INFO     | src.handlers.other.start:start_handler:35 - Received /start command from user: 1236300146
2025-01-10 18:01:51.053 | INFO     | __main__:<module>:72 - Initializing bot...
2025-01-10 18:01:51.106 | INFO     | src.database.connection:create_tables:26 - Creating tables...
2025-01-10 18:01:51.106 | INFO     | src.database.connection:create_tables:29 - Tables created successfully.
2025-01-10 18:01:51.107 | INFO     | __main__:bot_start:48 - Bot is starting...
2025-01-10 18:16:08.307 | INFO     | src.handlers.other.start:start_handler:35 - Received /start command from user: 471219957
2025-01-10 18:23:16.279 | INFO     | src.handlers.other.start:start_handler:35 - Received /start command from user: 471219957
2025-01-10 18:38:20.477 | INFO     | src.handlers.other.start:start_handler:35 - Received /start command from user: 471219957
2025-01-12 03:37:33.652 | INFO     | __main__:<module>:72 - Initializing bot...
2025-01-12 03:37:33.728 | INFO     | src.database.connection:create_tables:26 - Creating tables...
2025-01-12 03:37:33.729 | INFO     | src.database.connection:create_tables:29 - Tables created successfully.
2025-01-12 03:37:33.729 | INFO     | __main__:bot_start:48 - Bot is starting...
2025-01-12 03:38:15.360 | INFO     | src.handlers.other.start:start_handler:35 - Received /start command from user: 1236300146
2025-01-12 17:48:44.117 | INFO     | __main__:<module>:72 - Initializing bot...
2025-01-12 17:48:44.193 | INFO     | src.database.connection:create_tables:26 - Creating tables...
2025-01-12 17:48:44.193 | INFO     | src.database.connection:create_tables:29 - Tables created successfully.
2025-01-12 17:48:44.193 | INFO     | __main__:bot_start:48 - Bot is starting...
2025-01-12 17:48:44.888 | INFO     | src.handlers.other.start:start_handler:35 - Received /start command from user: 1236300146
2025-01-14 14:36:08.381 | INFO     | __main__:<module>:72 - Initializing bot...
2025-01-14 14:36:08.459 | INFO     | src.database.connection:create_tables:26 - Creating tables...
2025-01-14 14:36:08.459 | INFO     | src.database.connection:create_tables:29 - Tables created successfully.
2025-01-14 14:36:08.459 | INFO     | __main__:bot_start:48 - Bot is starting...
2025-01-14 14:36:14.544 | INFO     | src.handlers.other.start:start_handler:35 - Received /start command from user: 1236300146
2025-01-14 14:36:38.056 | INFO     | src.handlers.other.start:start_handler:35 - Received /start command from user: 1236300146
2025-01-14 14:38:34.116 | INFO     | src.handlers.other.start:start_handler:35 - Received /start command from user: 1236300146
2025-01-14 14:39:07.091 | INFO     | __main__:<module>:72 - Initializing bot...
2025-01-14 14:39:07.131 | INFO     | src.database.connection:create_tables:26 - Creating tables...
2025-01-14 14:39:07.174 | INFO     | src.database.connection:create_tables:29 - Tables created successfully.
2025-01-14 14:39:07.177 | INFO     | __main__:bot_start:48 - Bot is starting...
2025-01-14 14:39:11.066 | INFO     | src.handlers.other.start:start_handler:35 - Received /start command from user: 1236300146
2025-01-14 14:45:07.728 | INFO     | __main__:<module>:72 - Initializing bot...
2025-01-14 14:45:07.768 | INFO     | src.database.connection:create_tables:26 - Creating tables...
2025-01-14 14:45:07.768 | INFO     | src.database.connection:create_tables:29 - Tables created successfully.
2025-01-14 14:45:07.768 | INFO     | __main__:bot_start:48 - Bot is starting...
2025-01-14 14:45:22.457 | INFO     | src.handlers.other.start:start_handler:37 - Received /start command from user: 1236300146
2025-01-14 14:46:24.792 | INFO     | __main__:<module>:72 - Initializing bot...
2025-01-14 14:46:24.830 | INFO     | src.database.connection:create_tables:26 - Creating tables...
2025-01-14 14:46:24.830 | INFO     | src.database.connection:create_tables:29 - Tables created successfully.
2025-01-14 14:46:24.830 | INFO     | __main__:bot_start:48 - Bot is starting...
2025-01-14 14:46:30.798 | INFO     | src.handlers.other.start:start_handler:37 - Received /start command from user: 1236300146
2025-01-14 14:48:36.800 | INFO     | __main__:<module>:72 - Initializing bot...
2025-01-14 14:48:36.857 | INFO     | src.database.connection:create_tables:26 - Creating tables...
2025-01-14 14:48:36.857 | INFO     | src.database.connection:create_tables:29 - Tables created successfully.
2025-01-14 14:48:36.857 | INFO     | __main__:bot_start:48 - Bot is starting...
2025-01-14 14:48:48.669 | INFO     | src.handlers.other.start:start_handler:37 - Received /start command from user: 1236300146
2025-01-14 14:50:05.490 | INFO     | __main__:<module>:72 - Initializing bot...
2025-01-14 14:50:05.526 | INFO     | src.database.connection:create_tables:26 - Creating tables...
2025-01-14 14:50:05.526 | INFO     | src.database.connection:create_tables:29 - Tables created successfully.
2025-01-14 14:50:05.526 | INFO     | __main__:bot_start:48 - Bot is starting...
2025-01-14 14:50:09.185 | INFO     | src.handlers.other.start:start_handler:37 - Received /start command from user: 1236300146
2025-01-14 14:50:15.193 | INFO     | src.handlers.other.start:start_handler:37 - Received /start command from user: 1236300146
2025-01-14 14:51:05.948 | INFO     | __main__:<module>:72 - Initializing bot...
2025-01-14 14:51:05.987 | INFO     | src.database.connection:create_tables:26 - Creating tables...
2025-01-14 14:51:05.987 | INFO     | src.database.connection:create_tables:29 - Tables created successfully.
2025-01-14 14:51:05.987 | INFO     | __main__:bot_start:48 - Bot is starting...
2025-01-14 14:51:10.915 | INFO     | src.handlers.other.start:start_handler:37 - Received /start command from user: 1236300146
2025-01-14 14:52:57.527 | INFO     | __main__:<module>:72 - Initializing bot...
2025-01-14 14:52:57.564 | INFO     | src.database.connection:create_tables:26 - Creating tables...
2025-01-14 14:52:57.564 | INFO     | src.database.connection:create_tables:29 - Tables created successfully.
2025-01-14 14:52:57.564 | INFO     | __main__:bot_start:48 - Bot is starting...
2025-01-14 14:54:11.928 | INFO     | src.handlers.other.start:start_handler:37 - Received /start command from user: 1236300146
2025-01-14 14:56:04.355 | INFO     | __main__:<module>:72 - Initializing bot...
2025-01-14 14:56:04.398 | INFO     | src.database.connection:create_tables:26 - Creating tables...
2025-01-14 14:56:04.399 | INFO     | src.database.connection:create_tables:29 - Tables created successfully.
2025-01-14 14:56:04.399 | INFO     | __main__:bot_start:48 - Bot is starting...
2025-01-14 14:56:08.993 | INFO     | src.handlers.other.start:start_handler:37 - Received /start command from user: 1236300146
2025-01-14 14:59:12.339 | INFO     | src.handlers.other.start:start_handler:37 - Received /start command from user: 1236300146
2025-01-14 15:03:11.491 | INFO     | src.handlers.other.start:start_handler:37 - Received /start command from user: 1236300146
2025-01-14 15:09:50.875 | INFO     | src.handlers.other.start:start_handler:37 - Received /start command from user: 1236300146
2025-01-14 15:12:41.980 | INFO     | __main__:<module>:72 - Initializing bot...
2025-01-14 15:12:42.102 | INFO     | src.database.connection:create_tables:26 - Creating tables...
2025-01-14 15:12:42.102 | INFO     | src.database.connection:create_tables:29 - Tables created successfully.
2025-01-14 15:12:42.102 | INFO     | __main__:bot_start:48 - Bot is starting...
2025-01-14 15:12:45.743 | INFO     | src.handlers.other.start:start_handler:37 - Received /start command from user: 1236300146
2025-01-14 15:20:02.633 | INFO     | __main__:<module>:72 - Initializing bot...
2025-01-14 15:20:02.689 | INFO     | src.database.connection:create_tables:26 - Creating tables...
2025-01-14 15:20:02.689 | INFO     | src.database.connection:create_tables:29 - Tables created successfully.
2025-01-14 15:20:02.689 | INFO     | __main__:bot_start:48 - Bot is starting...
2025-01-18 02:45:36.740 | INFO     | __main__:<module>:76 - Initializing bot...
2025-01-18 02:45:36.875 | INFO     | src.database.connection:create_tables:26 - Creating tables...
2025-01-18 02:45:36.875 | INFO     | src.database.connection:create_tables:29 - Tables created successfully.
2025-01-18 02:45:36.875 | INFO     | __main__:bot_start:52 - Bot is starting...
2025-01-18 15:05:45.073 | INFO     | __main__:<module>:76 - Initializing bot...
2025-01-18 15:05:45.186 | INFO     | src.database.connection:create_tables:26 - Creating tables...
2025-01-18 15:05:45.186 | INFO     | src.database.connection:create_tables:29 - Tables created successfully.
2025-01-18 15:05:45.186 | INFO     | __main__:bot_start:52 - Bot is starting...
2025-01-18 15:05:55.069 | INFO     | src.handlers.other.start:start_handler:37 - Received /start command from user: 1236300146
2025-01-18 15:11:12.244 | INFO     | __main__:<module>:76 - Initializing bot...
2025-01-18 15:11:12.298 | INFO     | src.database.connection:create_tables:26 - Creating tables...
2025-01-18 15:11:12.298 | INFO     | src.database.connection:create_tables:29 - Tables created successfully.
2025-01-18 15:11:12.298 | INFO     | __main__:bot_start:52 - Bot is starting...
2025-01-18 15:11:14.952 | INFO     | src.handlers.other.start:start_handler:37 - Received /start command from user: 1236300146
2025-01-18 15:12:42.595 | INFO     | __main__:<module>:76 - Initializing bot...
2025-01-18 15:12:42.635 | INFO     | src.database.connection:create_tables:26 - Creating tables...
2025-01-18 15:12:42.635 | INFO     | src.database.connection:create_tables:29 - Tables created successfully.
2025-01-18 15:12:42.635 | INFO     | __main__:bot_start:52 - Bot is starting...
2025-01-18 15:13:39.578 | INFO     | __main__:<module>:76 - Initializing bot...
2025-01-18 15:13:39.616 | INFO     | src.database.connection:create_tables:26 - Creating tables...
2025-01-18 15:13:39.616 | INFO     | src.database.connection:create_tables:29 - Tables created successfully.
2025-01-18 15:13:39.616 | INFO     | __main__:bot_start:52 - Bot is starting...
2025-01-18 15:14:13.501 | INFO     | __main__:<module>:76 - Initializing bot...
2025-01-18 15:14:13.539 | INFO     | src.database.connection:create_tables:26 - Creating tables...
2025-01-18 15:14:13.539 | INFO     | src.database.connection:create_tables:29 - Tables created successfully.
2025-01-18 15:14:13.540 | INFO     | __main__:bot_start:52 - Bot is starting...
2025-01-18 15:16:29.829 | INFO     | __main__:<module>:76 - Initializing bot...
2025-01-18 15:16:29.868 | INFO     | src.database.connection:create_tables:26 - Creating tables...
2025-01-18 15:16:29.868 | INFO     | src.database.connection:create_tables:29 - Tables created successfully.
2025-01-18 15:16:29.868 | INFO     | __main__:bot_start:52 - Bot is starting...
2025-01-18 15:17:56.843 | INFO     | __main__:<module>:76 - Initializing bot...
2025-01-18 15:17:56.879 | INFO     | src.database.connection:create_tables:26 - Creating tables...
2025-01-18 15:17:56.879 | INFO     | src.database.connection:create_tables:29 - Tables created successfully.
2025-01-18 15:17:56.879 | INFO     | __main__:bot_start:52 - Bot is starting...
2025-01-18 15:19:15.119 | INFO     | __main__:<module>:76 - Initializing bot...
2025-01-18 15:19:15.156 | INFO     | src.database.connection:create_tables:26 - Creating tables...
2025-01-18 15:19:15.156 | INFO     | src.database.connection:create_tables:29 - Tables created successfully.
2025-01-18 15:19:15.156 | INFO     | __main__:bot_start:52 - Bot is starting...
2025-01-18 15:20:23.196 | INFO     | __main__:<module>:76 - Initializing bot...
2025-01-18 15:20:23.233 | INFO     | src.database.connection:create_tables:26 - Creating tables...
2025-01-18 15:20:23.233 | INFO     | src.database.connection:create_tables:29 - Tables created successfully.
2025-01-18 15:20:23.233 | INFO     | __main__:bot_start:52 - Bot is starting...
2025-01-18 15:20:29.067 | INFO     | __main__:<module>:76 - Initializing bot...
2025-01-18 15:20:29.100 | INFO     | src.database.connection:create_tables:26 - Creating tables...
2025-01-18 15:20:29.100 | INFO     | src.database.connection:create_tables:29 - Tables created successfully.
2025-01-18 15:20:29.100 | INFO     | __main__:bot_start:52 - Bot is starting...
2025-01-18 15:22:53.538 | INFO     | src.handlers.other.start:start_handler:37 - Received /start command from user: 1236300146
2025-01-18 15:23:06.686 | INFO     | src.handlers.other.start:start_handler:37 - Received /start command from user: 1236300146
2025-01-18 15:24:04.036 | INFO     | src.handlers.other.start:start_handler:37 - Received /start command from user: 1236300146
2025-01-18 15:24:51.391 | INFO     | src.handlers.other.start:start_handler:37 - Received /start command from user: 1236300146
2025-01-18 15:25:56.916 | INFO     | src.handlers.other.start:start_handler:37 - Received /start command from user: 1236300146
2025-01-18 15:31:08.978 | INFO     | src.handlers.other.start:start_handler:37 - Received /start command from user: 1236300146
2025-01-18 15:44:12.619 | INFO     | __main__:<module>:76 - Initializing bot...
2025-01-18 15:44:12.738 | INFO     | src.database.connection:create_tables:26 - Creating tables...
2025-01-18 15:44:12.739 | INFO     | src.database.connection:create_tables:29 - Tables created successfully.
2025-01-18 15:44:12.739 | INFO     | __main__:bot_start:52 - Bot is starting...
2025-01-18 15:44:18.056 | INFO     | src.handlers.other.start:start_handler:37 - Received /start command from user: 1236300146
2025-01-18 15:48:34.300 | INFO     | __main__:<module>:76 - Initializing bot...
2025-01-18 15:48:34.336 | INFO     | src.database.connection:create_tables:26 - Creating tables...
2025-01-18 15:48:34.336 | INFO     | src.database.connection:create_tables:29 - Tables created successfully.
2025-01-18 15:48:34.336 | INFO     | __main__:bot_start:52 - Bot is starting...
2025-01-18 15:49:33.826 | INFO     | src.handlers.other.start:start_handler:37 - Received /start command from user: 1236300146
2025-01-18 15:52:54.735 | INFO     | __main__:<module>:76 - Initializing bot...
2025-01-18 15:52:54.826 | INFO     | src.database.connection:create_tables:26 - Creating tables...
2025-01-18 15:52:54.826 | INFO     | src.database.connection:create_tables:29 - Tables created successfully.
2025-01-18 15:52:54.826 | INFO     | __main__:bot_start:52 - Bot is starting...
2025-01-18 15:53:04.984 | INFO     | src.handlers.other.start:start_handler:37 - Received /start command from user: 1236300146
2025-01-18 16:07:35.247 | INFO     | __main__:<module>:76 - Initializing bot...
2025-01-18 16:07:35.339 | INFO     | src.database.connection:create_tables:26 - Creating tables...
2025-01-18 16:07:35.339 | INFO     | src.database.connection:create_tables:29 - Tables created successfully.
2025-01-18 16:07:35.340 | INFO     | __main__:bot_start:52 - Bot is starting...
2025-01-18 16:07:40.532 | INFO     | src.handlers.other.start:start_handler:37 - Received /start command from user: 1236300146
2025-01-18 16:10:44.740 | INFO     | __main__:<module>:76 - Initializing bot...
2025-01-18 16:10:44.778 | INFO     | src.database.connection:create_tables:26 - Creating tables...
2025-01-18 16:10:44.778 | INFO     | src.database.connection:create_tables:29 - Tables created successfully.
2025-01-18 16:10:44.778 | INFO     | __main__:bot_start:52 - Bot is starting...
2025-01-18 16:11:09.541 | INFO     | __main__:<module>:76 - Initializing bot...
2025-01-18 16:11:09.579 | INFO     | src.database.connection:create_tables:26 - Creating tables...
2025-01-18 16:11:09.579 | INFO     | src.database.connection:create_tables:29 - Tables created successfully.
2025-01-18 16:11:09.579 | INFO     | __main__:bot_start:52 - Bot is starting...
2025-01-18 16:11:13.122 | INFO     | src.handlers.other.start:start_handler:37 - Received /start command from user: 1236300146
2025-01-18 17:42:35.579 | INFO     | __main__:<module>:76 - Initializing bot...
2025-01-18 17:42:35.702 | INFO     | src.database.connection:create_tables:26 - Creating tables...
2025-01-18 17:42:35.703 | INFO     | src.database.connection:create_tables:29 - Tables created successfully.
2025-01-18 17:42:35.703 | INFO     | __main__:bot_start:52 - Bot is starting...
2025-01-18 17:42:42.605 | INFO     | src.handlers.other.start:start_handler:37 - Received /start command from user: 1236300146
2025-01-18 17:49:42.821 | INFO     | __main__:<module>:76 - Initializing bot...
2025-01-18 17:49:42.929 | INFO     | src.database.connection:create_tables:26 - Creating tables...
2025-01-18 17:49:42.929 | INFO     | src.database.connection:create_tables:29 - Tables created successfully.
2025-01-18 17:49:42.929 | INFO     | __main__:bot_start:52 - Bot is starting...
2025-01-18 17:49:48.101 | INFO     | src.handlers.other.start:start_handler:37 - Received /start command from user: 1236300146
2025-01-18 17:52:07.292 | INFO     | __main__:<module>:76 - Initializing bot...
2025-01-18 17:52:07.341 | INFO     | src.database.connection:create_tables:26 - Creating tables...
2025-01-18 17:52:07.341 | INFO     | src.database.connection:create_tables:29 - Tables created successfully.
2025-01-18 17:52:07.341 | INFO     | __main__:bot_start:52 - Bot is starting...
2025-01-18 17:52:11.278 | INFO     | src.handlers.other.start:start_handler:37 - Received /start command from user: 1236300146
2025-01-18 17:52:51.237 | INFO     | __main__:<module>:76 - Initializing bot...
2025-01-18 17:52:51.283 | INFO     | src.database.connection:create_tables:26 - Creating tables...
2025-01-18 17:52:51.283 | INFO     | src.database.connection:create_tables:29 - Tables created successfully.
2025-01-18 17:52:51.283 | INFO     | __main__:bot_start:52 - Bot is starting...
2025-01-18 17:52:53.721 | INFO     | src.handlers.other.start:start_handler:37 - Received /start command from user: 1236300146
2025-01-18 17:54:04.392 | INFO     | __main__:<module>:76 - Initializing bot...
2025-01-18 17:54:04.431 | INFO     | src.database.connection:create_tables:26 - Creating tables...
2025-01-18 17:54:04.431 | INFO     | src.database.connection:create_tables:29 - Tables created successfully.
2025-01-18 17:54:04.431 | INFO     | __main__:bot_start:52 - Bot is starting...
2025-01-18 17:54:09.749 | INFO     | src.handlers.other.start:start_handler:37 - Received /start command from user: 1236300146
2025-01-18 18:00:13.746 | INFO     | __main__:<module>:76 - Initializing bot...
2025-01-18 18:00:13.784 | INFO     | src.database.connection:create_tables:26 - Creating tables...
2025-01-18 18:00:13.784 | INFO     | src.database.connection:create_tables:29 - Tables created successfully.
2025-01-18 18:00:13.784 | INFO     | __main__:bot_start:52 - Bot is starting...
2025-01-18 18:00:23.163 | INFO     | src.handlers.other.start:start_handler:37 - Received /start command from user: 1236300146
2025-01-18 18:06:30.284 | INFO     | __main__:<module>:76 - Initializing bot...
2025-01-18 18:06:30.360 | INFO     | src.database.connection:create_tables:26 - Creating tables...
2025-01-18 18:06:30.361 | INFO     | src.database.connection:create_tables:29 - Tables created successfully.
2025-01-18 18:06:30.361 | INFO     | __main__:bot_start:52 - Bot is starting...
2025-01-18 18:06:34.741 | INFO     | src.handlers.other.start:start_handler:37 - Received /start command from user: 1236300146
2025-01-18 18:11:13.137 | INFO     | src.handlers.other.start:start_handler:37 - Received /start command from user: 1236300146
2025-01-18 18:11:20.543 | INFO     | src.handlers.other.start:start_handler:37 - Received /start command from user: 1236300146
2025-01-18 18:11:24.903 | INFO     | src.handlers.other.start:start_handler:37 - Received /start command from user: 1236300146
2025-01-18 18:19:50.304 | INFO     | src.handlers.other.start:start_handler:37 - Received /start command from user: 1236300146
2025-01-18 19:03:15.766 | INFO     | __main__:<module>:76 - Initializing bot...
2025-01-18 19:04:00.583 | INFO     | __main__:<module>:76 - Initializing bot...
2025-01-18 19:04:00.691 | INFO     | src.database.connection:create_tables:26 - Creating tables...
2025-01-18 19:04:00.691 | INFO     | src.database.connection:create_tables:29 - Tables created successfully.
2025-01-18 19:04:00.692 | INFO     | __main__:bot_start:52 - Bot is starting...
2025-01-18 19:04:01.382 | INFO     | src.handlers.other.start:start_handler:37 - Received /start command from user: 1236300146
2025-01-18 19:04:11.311 | INFO     | src.handlers.other.start:start_handler:37 - Received /start command from user: 1236300146
2025-01-18 21:29:51.764 | INFO     | __main__:<module>:76 - Initializing bot...
2025-01-18 21:29:51.825 | INFO     | src.database.connection:create_tables:26 - Creating tables...
2025-01-18 21:29:51.825 | INFO     | src.database.connection:create_tables:29 - Tables created successfully.
2025-01-18 21:29:51.880 | INFO     | __main__:bot_start:52 - Bot is starting...
2025-01-18 21:30:05.295 | INFO     | src.handlers.other.start:start_handler:37 - Received /start command from user: 1236300146
2025-01-18 21:31:33.198 | INFO     | src.handlers.other.start:start_handler:37 - Received /start command from user: 1236300146
2025-01-18 21:32:14.858 | INFO     | src.handlers.other.start:start_handler:37 - Received /start command from user: 1236300146
2025-01-20 00:16:02.073 | INFO     | __main__:<module>:76 - Initializing bot...
2025-01-20 00:16:02.179 | INFO     | src.database.connection:create_tables:26 - Creating tables...
2025-01-20 00:16:02.179 | INFO     | src.database.connection:create_tables:29 - Tables created successfully.
2025-01-20 00:16:02.179 | INFO     | __main__:bot_start:52 - Bot is starting...
2025-01-20 00:16:25.629 | INFO     | __main__:<module>:76 - Initializing bot...
2025-01-20 00:16:25.670 | INFO     | src.database.connection:create_tables:26 - Creating tables...
2025-01-20 00:16:25.747 | INFO     | src.database.connection:create_tables:29 - Tables created successfully.
2025-01-20 00:16:25.762 | INFO     | __main__:bot_start:52 - Bot is starting...
2025-01-20 00:16:35.510 | INFO     | src.handlers.other.start:start_handler:37 - Received /start command from user: 1236300146
2025-01-20 00:18:55.689 | INFO     | src.handlers.other.start:start_handler:37 - Received /start command from user: 7365313189
2025-01-20 00:21:16.851 | INFO     | src.handlers.other.start:start_handler:37 - Received /start command from user: 1236300146
2025-01-20 00:22:36.729 | INFO     | src.handlers.other.start:start_handler:37 - Received /start command from user: 7365313189
2025-01-20 00:27:26.495 | INFO     | src.handlers.other.start:start_handler:37 - Received /start command from user: 1236300146
2025-01-20 00:29:20.842 | INFO     | __main__:<module>:76 - Initializing bot...
2025-01-20 00:29:20.880 | INFO     | src.database.connection:create_tables:26 - Creating tables...
2025-01-20 00:29:20.880 | INFO     | src.database.connection:create_tables:29 - Tables created successfully.
2025-01-20 00:29:20.880 | INFO     | __main__:bot_start:52 - Bot is starting...
2025-01-20 00:29:29.608 | INFO     | src.handlers.other.start:start_handler:37 - Received /start command from user: 7365313189
2025-01-20 00:31:17.842 | INFO     | __main__:<module>:76 - Initializing bot...
2025-01-20 00:31:17.885 | INFO     | src.database.connection:create_tables:26 - Creating tables...
2025-01-20 00:31:17.885 | INFO     | src.database.connection:create_tables:29 - Tables created successfully.
2025-01-20 00:31:17.885 | INFO     | __main__:bot_start:52 - Bot is starting...
2025-01-20 00:31:19.714 | INFO     | src.handlers.other.start:start_handler:37 - Received /start command from user: 7365313189
2025-01-20 00:31:50.316 | INFO     | src.handlers.other.start:start_handler:37 - Received /start command from user: 7365313189
2025-01-20 00:33:18.288 | INFO     | __main__:<module>:76 - Initializing bot...
2025-01-20 00:33:18.330 | INFO     | src.database.connection:create_tables:26 - Creating tables...
2025-01-20 00:33:18.330 | INFO     | src.database.connection:create_tables:29 - Tables created successfully.
2025-01-20 00:33:18.330 | INFO     | __main__:bot_start:52 - Bot is starting...
2025-01-20 00:34:33.497 | INFO     | __main__:<module>:76 - Initializing bot...
2025-01-20 00:34:33.535 | INFO     | src.database.connection:create_tables:26 - Creating tables...
2025-01-20 00:34:33.535 | INFO     | src.database.connection:create_tables:29 - Tables created successfully.
2025-01-20 00:34:33.535 | INFO     | __main__:bot_start:52 - Bot is starting...
2025-01-20 00:34:36.709 | INFO     | src.handlers.other.start:start_handler:37 - Received /start command from user: 7365313189
2025-01-20 00:34:41.130 | INFO     | src.handlers.other.start:start_handler:37 - Received /start command from user: 1236300146
2025-01-20 00:40:09.798 | INFO     | __main__:<module>:76 - Initializing bot...
2025-01-20 00:40:09.906 | INFO     | src.database.connection:create_tables:26 - Creating tables...
2025-01-20 00:40:09.906 | INFO     | src.database.connection:create_tables:29 - Tables created successfully.
2025-01-20 00:40:09.907 | INFO     | __main__:bot_start:52 - Bot is starting...
2025-01-20 00:40:15.094 | INFO     | src.handlers.other.start:start_handler:37 - Received /start command from user: 7365313189
2025-01-20 00:40:19.221 | INFO     | src.handlers.other.start:start_handler:37 - Received /start command from user: 1236300146
2025-01-20 00:52:27.937 | INFO     | __main__:<module>:76 - Initializing bot...
2025-01-20 00:52:28.049 | INFO     | src.database.connection:create_tables:26 - Creating tables...
2025-01-20 00:52:28.049 | INFO     | src.database.connection:create_tables:29 - Tables created successfully.
2025-01-20 00:52:28.050 | INFO     | __main__:bot_start:52 - Bot is starting...
2025-01-20 00:52:34.608 | INFO     | src.handlers.other.start:start_handler:37 - Received /start command from user: 7365313189
2025-01-20 00:53:39.848 | INFO     | __main__:<module>:76 - Initializing bot...
2025-01-20 00:53:39.886 | INFO     | src.database.connection:create_tables:26 - Creating tables...
2025-01-20 00:53:39.886 | INFO     | src.database.connection:create_tables:29 - Tables created successfully.
2025-01-20 00:53:39.886 | INFO     | __main__:bot_start:52 - Bot is starting...
2025-01-20 00:53:46.179 | INFO     | src.handlers.other.start:start_handler:37 - Received /start command from user: 7365313189
2025-01-20 00:54:01.854 | INFO     | src.handlers.other.start:start_handler:37 - Received /start command from user: 7365313189
2025-01-20 00:54:09.437 | INFO     | src.handlers.other.start:start_handler:37 - Received /start command from user: 7365313189
2025-01-20 00:56:43.972 | INFO     | __main__:<module>:78 - Initializing bot...
2025-01-20 00:56:44.010 | INFO     | src.database.connection:create_tables:26 - Creating tables...
2025-01-20 00:56:44.010 | INFO     | src.database.connection:create_tables:29 - Tables created successfully.
2025-01-20 00:56:44.010 | INFO     | __main__:bot_start:53 - Bot is starting...
2025-01-20 00:56:47.726 | INFO     | src.handlers.other.start:start_handler:37 - Received /start command from user: 7365313189
2025-01-20 00:59:16.072 | INFO     | __main__:<module>:78 - Initializing bot...
2025-01-20 00:59:16.120 | INFO     | src.database.connection:create_tables:26 - Creating tables...
2025-01-20 00:59:16.120 | INFO     | src.database.connection:create_tables:29 - Tables created successfully.
2025-01-20 00:59:16.120 | INFO     | __main__:bot_start:53 - Bot is starting...
2025-01-20 00:59:41.443 | INFO     | __main__:<module>:78 - Initializing bot...
2025-01-20 00:59:41.481 | INFO     | src.database.connection:create_tables:26 - Creating tables...
2025-01-20 00:59:41.481 | INFO     | src.database.connection:create_tables:29 - Tables created successfully.
2025-01-20 00:59:41.481 | INFO     | __main__:bot_start:53 - Bot is starting...
2025-01-20 00:59:53.165 | INFO     | src.handlers.other.start:start_handler:37 - Received /start command from user: 7365313189
2025-01-20 01:00:10.806 | INFO     | src.handlers.other.start:start_handler:37 - Received /start command from user: 7365313189
2025-01-20 01:01:46.700 | INFO     | __main__:<module>:78 - Initializing bot...
2025-01-20 01:01:46.737 | INFO     | src.database.connection:create_tables:26 - Creating tables...
2025-01-20 01:01:46.737 | INFO     | src.database.connection:create_tables:29 - Tables created successfully.
2025-01-20 01:01:46.737 | INFO     | __main__:bot_start:53 - Bot is starting...
2025-01-20 01:03:50.060 | INFO     | __main__:<module>:78 - Initializing bot...
2025-01-20 01:03:50.102 | INFO     | src.database.connection:create_tables:26 - Creating tables...
2025-01-20 01:03:50.102 | INFO     | src.database.connection:create_tables:29 - Tables created successfully.
2025-01-20 01:03:50.102 | INFO     | __main__:bot_start:53 - Bot is starting...
2025-01-20 01:04:19.089 | INFO     | __main__:<module>:78 - Initializing bot...
2025-01-20 01:04:19.128 | INFO     | src.database.connection:create_tables:26 - Creating tables...
2025-01-20 01:04:19.128 | INFO     | src.database.connection:create_tables:29 - Tables created successfully.
2025-01-20 01:04:19.128 | INFO     | __main__:bot_start:53 - Bot is starting...
2025-01-20 01:04:22.115 | INFO     | src.handlers.other.start:start_handler:37 - Received /start command from user: 7365313189
2025-01-20 01:08:18.177 | INFO     | __main__:<module>:78 - Initializing bot...
2025-01-20 01:08:18.215 | INFO     | src.database.connection:create_tables:26 - Creating tables...
2025-01-20 01:08:18.215 | INFO     | src.database.connection:create_tables:29 - Tables created successfully.
2025-01-20 01:08:18.215 | INFO     | __main__:bot_start:53 - Bot is starting...
2025-01-20 01:08:43.770 | INFO     | src.handlers.other.start:start_handler:37 - Received /start command from user: 7365313189
2025-01-20 01:11:31.702 | INFO     | __main__:<module>:78 - Initializing bot...
2025-01-20 01:11:31.750 | INFO     | src.database.connection:create_tables:26 - Creating tables...
2025-01-20 01:11:31.750 | INFO     | src.database.connection:create_tables:29 - Tables created successfully.
2025-01-20 01:11:31.751 | INFO     | __main__:bot_start:53 - Bot is starting...
2025-01-20 01:11:54.750 | INFO     | __main__:<module>:78 - Initializing bot...
2025-01-20 01:11:54.812 | INFO     | src.database.connection:create_tables:26 - Creating tables...
2025-01-20 01:11:54.812 | INFO     | src.database.connection:create_tables:29 - Tables created successfully.
2025-01-20 01:11:54.813 | INFO     | __main__:bot_start:53 - Bot is starting...
2025-01-20 01:15:23.500 | INFO     | __main__:<module>:78 - Initializing bot...
2025-01-20 01:15:23.534 | INFO     | src.database.connection:create_tables:26 - Creating tables...
2025-01-20 01:15:23.534 | INFO     | src.database.connection:create_tables:29 - Tables created successfully.
2025-01-20 01:15:23.534 | INFO     | __main__:bot_start:53 - Bot is starting...
2025-01-20 01:15:51.717 | INFO     | __main__:<module>:78 - Initializing bot...
2025-01-20 01:15:51.760 | INFO     | src.database.connection:create_tables:26 - Creating tables...
2025-01-20 01:15:51.760 | INFO     | src.database.connection:create_tables:29 - Tables created successfully.
2025-01-20 01:15:51.760 | INFO     | __main__:bot_start:53 - Bot is starting...
2025-01-20 01:17:37.246 | INFO     | __main__:<module>:78 - Initializing bot...
2025-01-20 01:17:37.287 | INFO     | src.database.connection:create_tables:26 - Creating tables...
2025-01-20 01:17:37.287 | INFO     | src.database.connection:create_tables:29 - Tables created successfully.
2025-01-20 01:17:37.287 | INFO     | __main__:bot_start:53 - Bot is starting...
2025-01-20 01:20:09.263 | INFO     | __main__:<module>:78 - Initializing bot...
2025-01-20 01:20:09.304 | INFO     | src.database.connection:create_tables:26 - Creating tables...
2025-01-20 01:20:09.304 | INFO     | src.database.connection:create_tables:29 - Tables created successfully.
2025-01-20 01:20:09.304 | INFO     | __main__:bot_start:53 - Bot is starting...
2025-01-20 01:20:49.016 | INFO     | __main__:<module>:78 - Initializing bot...
2025-01-20 01:20:49.054 | INFO     | src.database.connection:create_tables:26 - Creating tables...
2025-01-20 01:20:49.054 | INFO     | src.database.connection:create_tables:29 - Tables created successfully.
2025-01-20 01:20:49.054 | INFO     | __main__:bot_start:53 - Bot is starting...
2025-01-20 01:21:20.120 | INFO     | __main__:<module>:78 - Initializing bot...
2025-01-20 01:21:20.168 | INFO     | src.database.connection:create_tables:26 - Creating tables...
2025-01-20 01:21:20.168 | INFO     | src.database.connection:create_tables:29 - Tables created successfully.
2025-01-20 01:21:20.169 | INFO     | __main__:bot_start:53 - Bot is starting...
2025-01-20 01:22:55.115 | INFO     | __main__:<module>:78 - Initializing bot...
2025-01-20 01:22:55.146 | INFO     | src.database.connection:create_tables:26 - Creating tables...
2025-01-20 01:22:55.146 | INFO     | src.database.connection:create_tables:29 - Tables created successfully.
2025-01-20 01:22:55.146 | INFO     | __main__:bot_start:53 - Bot is starting...
2025-01-20 01:24:09.192 | INFO     | __main__:<module>:78 - Initializing bot...
2025-01-20 01:24:09.237 | INFO     | src.database.connection:create_tables:26 - Creating tables...
2025-01-20 01:24:09.238 | INFO     | src.database.connection:create_tables:29 - Tables created successfully.
2025-01-20 01:24:09.238 | INFO     | __main__:bot_start:53 - Bot is starting...
2025-01-20 01:25:09.009 | INFO     | __main__:<module>:78 - Initializing bot...
2025-01-20 01:25:09.051 | INFO     | src.database.connection:create_tables:26 - Creating tables...
2025-01-20 01:25:09.051 | INFO     | src.database.connection:create_tables:29 - Tables created successfully.
2025-01-20 01:25:09.051 | INFO     | __main__:bot_start:53 - Bot is starting...
2025-01-20 01:25:28.671 | INFO     | __main__:<module>:78 - Initializing bot...
2025-01-20 01:25:28.722 | INFO     | src.database.connection:create_tables:26 - Creating tables...
2025-01-20 01:25:28.722 | INFO     | src.database.connection:create_tables:29 - Tables created successfully.
2025-01-20 01:25:28.722 | INFO     | __main__:bot_start:53 - Bot is starting...
2025-01-20 01:26:57.274 | INFO     | __main__:<module>:78 - Initializing bot...
2025-01-20 01:26:57.316 | INFO     | src.database.connection:create_tables:26 - Creating tables...
2025-01-20 01:26:57.316 | INFO     | src.database.connection:create_tables:29 - Tables created successfully.
2025-01-20 01:26:57.317 | INFO     | __main__:bot_start:53 - Bot is starting...
2025-01-20 01:27:48.366 | INFO     | __main__:<module>:78 - Initializing bot...
2025-01-20 01:27:48.421 | INFO     | src.database.connection:create_tables:26 - Creating tables...
2025-01-20 01:27:48.421 | INFO     | src.database.connection:create_tables:29 - Tables created successfully.
2025-01-20 01:27:48.422 | INFO     | __main__:bot_start:53 - Bot is starting...
2025-01-20 01:28:47.480 | INFO     | __main__:<module>:78 - Initializing bot...
2025-01-20 01:28:47.517 | INFO     | src.database.connection:create_tables:26 - Creating tables...
2025-01-20 01:28:47.517 | INFO     | src.database.connection:create_tables:29 - Tables created successfully.
2025-01-20 01:28:47.517 | INFO     | __main__:bot_start:53 - Bot is starting...
2025-01-20 01:29:14.868 | INFO     | __main__:<module>:78 - Initializing bot...
2025-01-20 01:29:14.958 | INFO     | src.database.connection:create_tables:26 - Creating tables...
2025-01-20 01:29:14.958 | INFO     | src.database.connection:create_tables:29 - Tables created successfully.
2025-01-20 01:29:14.958 | INFO     | __main__:bot_start:53 - Bot is starting...
2025-01-20 01:29:39.635 | INFO     | __main__:<module>:78 - Initializing bot...
2025-01-20 01:29:39.679 | INFO     | src.database.connection:create_tables:26 - Creating tables...
2025-01-20 01:29:39.680 | INFO     | src.database.connection:create_tables:29 - Tables created successfully.
2025-01-20 01:29:39.680 | INFO     | __main__:bot_start:53 - Bot is starting...
2025-01-20 01:30:35.990 | INFO     | __main__:<module>:78 - Initializing bot...
2025-01-20 01:30:36.028 | INFO     | src.database.connection:create_tables:26 - Creating tables...
2025-01-20 01:30:36.028 | INFO     | src.database.connection:create_tables:29 - Tables created successfully.
2025-01-20 01:30:36.028 | INFO     | __main__:bot_start:53 - Bot is starting...
2025-01-20 01:31:44.213 | INFO     | __main__:<module>:78 - Initializing bot...
2025-01-20 01:31:44.252 | INFO     | src.database.connection:create_tables:26 - Creating tables...
2025-01-20 01:31:44.252 | INFO     | src.database.connection:create_tables:29 - Tables created successfully.
2025-01-20 01:31:44.252 | INFO     | __main__:bot_start:53 - Bot is starting...
2025-01-20 01:32:08.344 | INFO     | __main__:<module>:78 - Initializing bot...
2025-01-20 01:32:08.388 | INFO     | src.database.connection:create_tables:26 - Creating tables...
2025-01-20 01:32:08.388 | INFO     | src.database.connection:create_tables:29 - Tables created successfully.
2025-01-20 01:32:08.388 | INFO     | __main__:bot_start:53 - Bot is starting...
2025-01-20 18:07:23.319 | INFO     | __main__:<module>:78 - Initializing bot...
2025-01-20 18:07:23.406 | INFO     | src.database.connection:create_tables:26 - Creating tables...
2025-01-20 18:07:23.407 | INFO     | src.database.connection:create_tables:29 - Tables created successfully.
2025-01-20 18:07:23.407 | INFO     | __main__:bot_start:53 - Bot is starting...
2025-01-20 18:07:59.924 | INFO     | src.handlers.other.start:start_handler:37 - Received /start command from user: 1236300146
2025-01-20 18:08:17.129 | INFO     | src.handlers.other.start:start_handler:37 - Received /start command from user: 7365313189
2025-01-20 18:08:21.341 | INFO     | src.handlers.other.start:start_handler:37 - Received /start command from user: 7365313189
2025-01-20 18:15:47.123 | INFO     | __main__:<module>:78 - Initializing bot...
2025-01-20 18:15:47.162 | INFO     | src.database.connection:create_tables:26 - Creating tables...
2025-01-20 18:15:47.162 | INFO     | src.database.connection:create_tables:29 - Tables created successfully.
2025-01-20 18:15:47.162 | INFO     | __main__:bot_start:53 - Bot is starting...
2025-01-20 18:16:38.286 | INFO     | __main__:<module>:78 - Initializing bot...
2025-01-20 18:16:38.333 | INFO     | src.database.connection:create_tables:26 - Creating tables...
2025-01-20 18:16:38.333 | INFO     | src.database.connection:create_tables:29 - Tables created successfully.
2025-01-20 18:16:38.333 | INFO     | __main__:bot_start:53 - Bot is starting...
2025-01-20 18:18:15.495 | INFO     | __main__:<module>:78 - Initializing bot...
2025-01-20 18:18:15.532 | INFO     | src.database.connection:create_tables:26 - Creating tables...
2025-01-20 18:18:15.532 | INFO     | src.database.connection:create_tables:29 - Tables created successfully.
2025-01-20 18:18:15.532 | INFO     | __main__:bot_start:53 - Bot is starting...
2025-01-20 18:21:04.236 | INFO     | __main__:<module>:78 - Initializing bot...
2025-01-20 18:21:04.279 | INFO     | src.database.connection:create_tables:26 - Creating tables...
2025-01-20 18:21:04.279 | INFO     | src.database.connection:create_tables:29 - Tables created successfully.
2025-01-20 18:21:04.279 | INFO     | __main__:bot_start:53 - Bot is starting...
2025-01-20 18:22:07.213 | INFO     | __main__:<module>:78 - Initializing bot...
2025-01-20 18:22:07.250 | INFO     | src.database.connection:create_tables:26 - Creating tables...
2025-01-20 18:22:07.250 | INFO     | src.database.connection:create_tables:29 - Tables created successfully.
2025-01-20 18:22:07.250 | INFO     | __main__:bot_start:53 - Bot is starting...
2025-01-20 18:26:36.757 | INFO     | __main__:<module>:78 - Initializing bot...
2025-01-20 18:26:36.792 | INFO     | src.database.connection:create_tables:26 - Creating tables...
2025-01-20 18:26:36.850 | INFO     | src.database.connection:create_tables:29 - Tables created successfully.
2025-01-20 18:26:36.853 | INFO     | __main__:bot_start:53 - Bot is starting...
2025-01-20 18:28:18.165 | INFO     | src.handlers.other.start:start_handler:37 - Received /start command from user: 7365313189
2025-01-20 18:28:40.826 | INFO     | src.handlers.other.start:start_handler:37 - Received /start command from user: 1236300146
2025-01-20 18:30:35.497 | INFO     | __main__:<module>:78 - Initializing bot...
2025-01-20 18:30:35.537 | INFO     | src.database.connection:create_tables:26 - Creating tables...
2025-01-20 18:30:35.537 | INFO     | src.database.connection:create_tables:29 - Tables created successfully.
2025-01-20 18:30:35.537 | INFO     | __main__:bot_start:53 - Bot is starting...
2025-01-20 18:31:29.596 | INFO     | src.handlers.other.start:start_handler:37 - Received /start command from user: 1236300146
2025-01-20 18:39:54.876 | INFO     | __main__:<module>:78 - Initializing bot...
2025-01-20 18:39:54.990 | INFO     | src.database.connection:create_tables:26 - Creating tables...
2025-01-20 18:39:54.990 | INFO     | src.database.connection:create_tables:29 - Tables created successfully.
2025-01-20 18:39:55.018 | INFO     | __main__:bot_start:53 - Bot is starting...
2025-01-20 18:40:35.203 | INFO     | src.handlers.other.start:start_handler:37 - Received /start command from user: 7365313189
2025-01-20 18:46:44.806 | INFO     | __main__:<module>:78 - Initializing bot...
2025-01-20 18:46:44.915 | INFO     | src.database.connection:create_tables:26 - Creating tables...
2025-01-20 18:46:44.915 | INFO     | src.database.connection:create_tables:29 - Tables created successfully.
2025-01-20 18:46:44.915 | INFO     | __main__:bot_start:53 - Bot is starting...
